"DATE","TIME PERIOD","Bank interest rates - loans to corporations of up to EUR 0.25M (new business) - euro area (MIR.M.U2.B.A2A.A.R.2.2240.EUR.N)"
"2003-01-31","2003Jan"
"2003-02-28","2003Feb"
"2003-03-31","2003Mar"
"2003-04-30","2003Apr"
"2003-05-31","2003May"
"2003-06-30","2003Jun"
"2003-07-31","2003Jul"
"2003-08-31","2003Aug"
"2003-09-30","2003Sep"
"2003-10-31","2003Oct"
"2003-11-30","2003Nov"
"2003-12-31","2003Dec"
"2004-01-31","2004Jan"
"2004-02-29","2004Feb"
"2004-03-31","2004Mar"
"2004-04-30","2004Apr"
"2004-05-31","2004May"
"2004-06-30","2004Jun"
"2004-07-31","2004Jul"
"2004-08-31","2004Aug"
"2004-09-30","2004Sep"
"2004-10-31","2004Oct"
"2004-11-30","2004Nov"
"2004-12-31","2004Dec"
"2005-01-31","2005Jan"
"2005-02-28","2005Feb"
"2005-03-31","2005Mar"
"2005-04-30","2005Apr"
"2005-05-31","2005May"
"2005-06-30","2005Jun"
"2005-07-31","2005Jul"
"2005-08-31","2005Aug"
"2005-09-30","2005Sep"
"2005-10-31","2005Oct"
"2005-11-30","2005Nov"
"2005-12-31","2005Dec"
"2006-01-31","2006Jan"
"2006-02-28","2006Feb"
"2006-03-31","2006Mar"
"2006-04-30","2006Apr"
"2006-05-31","2006May"
"2006-06-30","2006Jun"
"2006-07-31","2006Jul"
"2006-08-31","2006Aug"
"2006-09-30","2006Sep"
"2006-10-31","2006Oct"
"2006-11-30","2006Nov"
"2006-12-31","2006Dec"
"2007-01-31","2007Jan"
"2007-02-28","2007Feb"
"2007-03-31","2007Mar"
"2007-04-30","2007Apr"
"2007-05-31","2007May"
"2007-06-30","2007Jun"
"2007-07-31","2007Jul"
"2007-08-31","2007Aug"
"2007-09-30","2007Sep"
"2007-10-31","2007Oct"
"2007-11-30","2007Nov"
"2007-12-31","2007Dec"
"2008-01-31","2008Jan"
"2008-02-29","2008Feb"
"2008-03-31","2008Mar"
"2008-04-30","2008Apr"
"2008-05-31","2008May"
"2008-06-30","2008Jun"
"2008-07-31","2008Jul"
"2008-08-31","2008Aug"
"2008-09-30","2008Sep"
"2008-10-31","2008Oct"
"2008-11-30","2008Nov"
"2008-12-31","2008Dec"
"2009-01-31","2009Jan"
"2009-02-28","2009Feb"
"2009-03-31","2009Mar"
"2009-04-30","2009Apr"
"2009-05-31","2009May"
"2009-06-30","2009Jun"
"2009-07-31","2009Jul"
"2009-08-31","2009Aug"
"2009-09-30","2009Sep"
"2009-10-31","2009Oct"
"2009-11-30","2009Nov"
"2009-12-31","2009Dec"
"2010-01-31","2010Jan"
"2010-02-28","2010Feb"
"2010-03-31","2010Mar"
"2010-04-30","2010Apr"
"2010-05-31","2010May"
"2010-06-30","2010Jun","3.7200"
"2010-07-31","2010Jul","3.7900"
"2010-08-31","2010Aug","3.8800"
"2010-09-30","2010Sep","3.8400"
"2010-10-31","2010Oct","3.9000"
"2010-11-30","2010Nov","3.9900"
"2010-12-31","2010Dec","3.9200"
"2011-01-31","2011Jan","3.9300"
"2011-02-28","2011Feb","4.1200"
"2011-03-31","2011Mar","4.2000"
"2011-04-30","2011Apr","4.2600"
"2011-05-31","2011May","4.3900"
"2011-06-30","2011Jun","4.4400"
"2011-07-31","2011Jul","4.5500"
"2011-08-31","2011Aug","4.6000"
"2011-09-30","2011Sep","4.6800"
"2011-10-31","2011Oct","4.7900"
"2011-11-30","2011Nov","4.8900"
"2011-12-31","2011Dec","4.9300"
"2012-01-31","2012Jan","4.9600"
"2012-02-29","2012Feb","4.9300"
"2012-03-31","2012Mar","4.8700"
"2012-04-30","2012Apr","4.9300"
"2012-05-31","2012May","4.8500"
"2012-06-30","2012Jun","4.8100"
"2012-07-31","2012Jul","4.8400"
"2012-08-31","2012Aug","4.7500"
"2012-09-30","2012Sep","4.6200"
"2012-10-31","2012Oct","4.6500"
"2012-11-30","2012Nov","4.5800"
"2012-12-31","2012Dec","4.4800"
"2013-01-31","2013Jan","4.5400"
"2013-02-28","2013Feb","4.5500"
"2013-03-31","2013Mar","4.4700"
"2013-04-30","2013Apr","4.5800"
"2013-05-31","2013May","4.6000"
"2013-06-30","2013Jun","4.4500"
"2013-07-31","2013Jul","4.5300"
"2013-08-31","2013Aug","4.4400"
"2013-09-30","2013Sep","4.4500"
"2013-10-31","2013Oct","4.5300"
"2013-11-30","2013Nov","4.4900"
"2013-12-31","2013Dec","4.4000"
"2014-01-31","2014Jan","4.4800"
"2014-02-28","2014Feb","4.4200"
"2014-03-31","2014Mar","4.4400"
"2014-04-30","2014Apr","4.4100"
"2014-05-31","2014May","4.3900"
"2014-06-30","2014Jun","4.2200"
"2014-07-31","2014Jul","4.1900"
"2014-08-31","2014Aug","4.0800"
"2014-09-30","2014Sep","3.9200"
"2014-10-31","2014Oct","3.8900"
"2014-11-30","2014Nov","3.7400"
"2014-12-31","2014Dec","3.6100"
"2015-01-31","2015Jan","3.6400"
"2015-02-28","2015Feb","3.5400"
"2015-03-31","2015Mar","3.4300"
"2015-04-30","2015Apr","3.3900"
"2015-05-31","2015May","3.3200"
"2015-06-30","2015Jun","3.1900"
"2015-07-31","2015Jul","3.2700"
"2015-08-31","2015Aug","3.2400"
"2015-09-30","2015Sep","3.2300"
"2015-10-31","2015Oct","3.1800"
"2015-11-30","2015Nov","3.1400"
"2015-12-31","2015Dec","3.0200"
"2016-01-31","2016Jan","3.1400"
"2016-02-29","2016Feb","3.1000"
"2016-03-31","2016Mar","2.9900"
"2016-04-30","2016Apr","2.9400"
"2016-05-31","2016May","2.8900"
"2016-06-30","2016Jun","2.7000"
"2016-07-31","2016Jul","2.7400"
"2016-08-31","2016Aug","2.7000"
"2016-09-30","2016Sep","2.6600"
"2016-10-31","2016Oct","2.6600"
"2016-11-30","2016Nov","2.6100"
"2016-12-31","2016Dec","2.5700"
"2017-01-31","2017Jan","2.6100"
"2017-02-28","2017Feb","2.5700"
"2017-03-31","2017Mar","2.5300"
"2017-04-30","2017Apr","2.5200"
"2017-05-31","2017May","2.5200"
"2017-06-30","2017Jun","2.4700"
"2017-07-31","2017Jul","2.4900"
"2017-08-31","2017Aug","2.5000"
"2017-09-30","2017Sep","2.4900"
"2017-10-31","2017Oct","2.4500"
"2017-11-30","2017Nov","2.4400"
"2017-12-31","2017Dec","2.3800"
"2018-01-31","2018Jan","2.3900"
"2018-02-28","2018Feb","2.3600"
"2018-03-31","2018Mar","2.4000"
"2018-04-30","2018Apr","2.3400"
"2018-05-31","2018May","2.3300"
"2018-06-30","2018Jun","2.2900"
"2018-07-31","2018Jul","2.2100"
"2018-08-31","2018Aug","2.2400"
"2018-09-30","2018Sep","2.2300"
"2018-10-31","2018Oct","2.2100"
"2018-11-30","2018Nov","2.2400"
"2018-12-31","2018Dec","2.1900"
"2019-01-31","2019Jan","2.2200"
"2019-02-28","2019Feb","2.2200"
"2019-03-31","2019Mar","2.2200"
"2019-04-30","2019Apr","2.2100"
"2019-05-31","2019May","2.2100"
"2019-06-30","2019Jun","2.1800"
"2019-07-31","2019Jul","2.1800"
"2019-08-31","2019Aug","2.1200"
"2019-09-30","2019Sep","2.0800"
"2019-10-31","2019Oct","2.1100"
"2019-11-30","2019Nov","2.1000"
"2019-12-31","2019Dec","2.0700"
"2020-01-31","2020Jan","2.1700"
"2020-02-29","2020Feb","2.0600"
"2020-03-31","2020Mar","1.9600"
"2020-04-30","2020Apr","1.6200"
"2020-05-31","2020May","1.5800"
"2020-06-30","2020Jun","1.7400"
"2020-07-31","2020Jul","1.9000"
"2020-08-31","2020Aug","1.8700"
"2020-09-30","2020Sep","1.9600"
"2020-10-31","2020Oct","1.9900"
"2020-11-30","2020Nov","1.9800"
"2020-12-31","2020Dec","1.9600"
"2021-01-31","2021Jan","2.0400"
"2021-02-28","2021Feb","1.9600"
"2021-03-31","2021Mar","1.9400"
"2021-04-30","2021Apr","2.0000"
"2021-05-31","2021May","1.9200"
"2021-06-30","2021Jun","1.9300"
"2021-07-31","2021Jul","1.9300"
"2021-08-31","2021Aug","1.8600"
"2021-09-30","2021Sep","1.8800"
"2021-10-31","2021Oct","1.9000"
"2021-11-30","2021Nov","1.8900"
"2021-12-31","2021Dec","1.8900"
"2022-01-31","2022Jan","1.9300"
"2022-02-28","2022Feb","1.8800"
"2022-03-31","2022Mar","1.8900"
"2022-04-30","2022Apr","1.9900"
"2022-05-31","2022May","1.9900"
"2022-06-30","2022Jun","2.0700"
"2022-07-31","2022Jul","2.2000"
"2022-08-31","2022Aug","2.3200"
"2022-09-30","2022Sep","2.7100"
"2022-10-31","2022Oct","3.2100"
"2022-11-30","2022Nov","3.5500"
"2022-12-31","2022Dec","3.8800"
"2023-01-31","2023Jan","4.2000"
"2023-02-28","2023Feb","4.4900"
"2023-03-31","2023Mar","4.7700"
"2023-04-30","2023Apr","4.8600"
"2023-05-31","2023May","5.0800"
"2023-06-30","2023Jun","5.2900"
"2023-07-31","2023Jul","5.5100"
"2023-08-31","2023Aug","5.5900"
"2023-09-30","2023Sep","5.6800"
"2023-10-31","2023Oct","5.7700"
"2023-11-30","2023Nov","5.8100"
"2023-12-31","2023Dec","5.6200"
"2024-01-31","2024Jan","5.5000"
"2024-02-29","2024Feb","5.5900"
"2024-03-31","2024Mar","5.5400"
"2024-04-30","2024Apr","5.4500"
"2024-05-31","2024May","5.5200"
"2024-06-30","2024Jun","5.4900"
"2024-07-31","2024Jul","5.2900"
"2024-08-31","2024Aug","5.2600"
"2024-09-30","2024Sep","5.1800"
"2024-10-31","2024Oct","4.9800"
"2024-11-30","2024Nov","4.9500"
"2024-12-31","2024Dec","4.7600"
"2025-01-31","2025Jan","4.4900"
