"DATE","TIME PERIOD","Bank interest rates - revolving loans & overdrafts, convenience & extended credit card credit to households - euro area (MIR.M.U2.B.A2Z.A.R.A.2250.EUR.N)"
"2000-01-31","2000Jan","9.9800"
"2000-02-29","2000Feb","10.0900"
"2000-03-31","2000Mar","10.1600"
"2000-04-30","2000Apr","10.3300"
"2000-05-31","2000May","10.4400"
"2000-06-30","2000Jun","10.6800"
"2000-07-31","2000Jul","10.9500"
"2000-08-31","2000Aug","10.9700"
"2000-09-30","2000Sep","11.0400"
"2000-10-31","2000Oct","11.2500"
"2000-11-30","2000Nov","11.3200"
"2000-12-31","2000Dec","11.3100"
"2001-01-31","2001Jan","11.3900"
"2001-02-28","2001Feb","11.3600"
"2001-03-31","2001Mar","11.3300"
"2001-04-30","2001Apr","11.3700"
"2001-05-31","2001May","11.2900"
"2001-06-30","2001Jun","11.3000"
"2001-07-31","2001Jul","11.2500"
"2001-08-31","2001Aug","11.2300"
"2001-09-30","2001Sep","11.0400"
"2001-10-31","2001Oct","10.9700"
"2001-11-30","2001Nov","10.8100"
"2001-12-31","2001Dec","10.7300"
"2002-01-31","2002Jan","10.6900"
"2002-02-28","2002Feb","10.6900"
"2002-03-31","2002Mar","10.6600"
"2002-04-30","2002Apr","10.7400"
"2002-05-31","2002May","10.7600"
"2002-06-30","2002Jun","10.8000"
"2002-07-31","2002Jul","10.7700"
"2002-08-31","2002Aug","10.7700"
"2002-09-30","2002Sep","10.7100"
"2002-10-31","2002Oct","10.6900"
"2002-11-30","2002Nov","10.6000"
"2002-12-31","2002Dec","10.5400"
"2003-01-31","2003Jan","10.3300"
"2003-02-28","2003Feb","10.4400"
"2003-03-31","2003Mar","10.3500"
"2003-04-30","2003Apr","10.3200"
"2003-05-31","2003May","10.2300"
"2003-06-30","2003Jun","10.2200"
"2003-07-31","2003Jul","10.0300"
"2003-08-31","2003Aug","10.0200"
"2003-09-30","2003Sep","10.0600"
"2003-10-31","2003Oct","9.9900"
"2003-11-30","2003Nov","9.9500"
"2003-12-31","2003Dec","9.9600"
"2004-01-31","2004Jan","9.9300"
"2004-02-29","2004Feb","9.9700"
"2004-03-31","2004Mar","9.8600"
"2004-04-30","2004Apr","9.9200"
"2004-05-31","2004May","9.8200"
"2004-06-30","2004Jun","9.8000"
"2004-07-31","2004Jul","9.8000"
"2004-08-31","2004Aug","9.7700"
"2004-09-30","2004Sep","9.8600"
"2004-10-31","2004Oct","9.7900"
"2004-11-30","2004Nov","9.8100"
"2004-12-31","2004Dec","9.6300"
"2005-01-31","2005Jan","9.6300"
"2005-02-28","2005Feb","9.6600"
"2005-03-31","2005Mar","9.6000"
"2005-04-30","2005Apr","9.6300"
"2005-05-31","2005May","9.6500"
"2005-06-30","2005Jun","9.6200"
"2005-07-31","2005Jul","9.5200"
"2005-08-31","2005Aug","9.5900"
"2005-09-30","2005Sep","9.6100"
"2005-10-31","2005Oct","9.6600"
"2005-11-30","2005Nov","9.7200"
"2005-12-31","2005Dec","9.6800"
"2006-01-31","2006Jan","9.8100"
"2006-02-28","2006Feb","9.6200"
"2006-03-31","2006Mar","9.9200"
"2006-04-30","2006Apr","9.7700"
"2006-05-31","2006May","9.7800"
"2006-06-30","2006Jun","9.8500"
"2006-07-31","2006Jul","9.8600"
"2006-08-31","2006Aug","9.9300"
"2006-09-30","2006Sep","10.0600"
"2006-10-31","2006Oct","10.0400"
"2006-11-30","2006Nov","10.0800"
"2006-12-31","2006Dec","10.0300"
"2007-01-31","2007Jan","10.1500"
"2007-02-28","2007Feb","10.3300"
"2007-03-31","2007Mar","10.2200"
"2007-04-30","2007Apr","10.3000"
"2007-05-31","2007May","10.3300"
"2007-06-30","2007Jun","10.3900"
"2007-07-31","2007Jul","10.5000"
"2007-08-31","2007Aug","10.5600"
"2007-09-30","2007Sep","10.5400"
"2007-10-31","2007Oct","10.6400"
"2007-11-30","2007Nov","10.5000"
"2007-12-31","2007Dec","10.4500"
"2008-01-31","2008Jan","10.4500"
"2008-02-29","2008Feb","10.4500"
"2008-03-31","2008Mar","10.5200"
"2008-04-30","2008Apr","10.5400"
"2008-05-31","2008May","10.5800"
"2008-06-30","2008Jun","10.6300"
"2008-07-31","2008Jul","10.6600"
"2008-08-31","2008Aug","10.7800"
"2008-09-30","2008Sep","10.8000"
"2008-10-31","2008Oct","10.8300"
"2008-11-30","2008Nov","10.7900"
"2008-12-31","2008Dec","10.4600"
"2009-01-31","2009Jan","10.1500"
"2009-02-28","2009Feb","10.1600"
"2009-03-31","2009Mar","9.9600"
"2009-04-30","2009Apr","9.7300"
"2009-05-31","2009May","9.6400"
"2009-06-30","2009Jun","9.5600"
"2009-07-31","2009Jul","9.3300"
"2009-08-31","2009Aug","9.2800"
"2009-09-30","2009Sep","9.2700"
"2009-10-31","2009Oct","9.1700"
"2009-11-30","2009Nov","9.0900"
"2009-12-31","2009Dec","9.0100"
"2010-01-31","2010Jan","8.9500"
"2010-02-28","2010Feb","9.0300"
"2010-03-31","2010Mar","8.8300"
"2010-04-30","2010Apr","8.7800"
"2010-05-31","2010May","8.7900"
"2010-06-30","2010Jun","8.7400"
"2010-07-31","2010Jul","8.6500"
"2010-08-31","2010Aug","8.6400"
"2010-09-30","2010Sep","8.7000"
"2010-10-31","2010Oct","8.6300"
"2010-11-30","2010Nov","8.5400"
"2010-12-31","2010Dec","8.5500"
"2011-01-31","2011Jan","8.6100"
"2011-02-28","2011Feb","8.6700"
"2011-03-31","2011Mar","8.6700"
"2011-04-30","2011Apr","8.8000"
"2011-05-31","2011May","8.6800"
"2011-06-30","2011Jun","8.7200"
"2011-07-31","2011Jul","8.7600"
"2011-08-31","2011Aug","8.8100"
"2011-09-30","2011Sep","8.8800"
"2011-10-31","2011Oct","8.9000"
"2011-11-30","2011Nov","8.8500"
"2011-12-31","2011Dec","8.8100"
"2012-01-31","2012Jan","8.8400"
"2012-02-29","2012Feb","8.8000"
"2012-03-31","2012Mar","8.7700"
"2012-04-30","2012Apr","8.6400"
"2012-05-31","2012May","8.6200"
"2012-06-30","2012Jun","8.6200"
"2012-07-31","2012Jul","8.4600"
"2012-08-31","2012Aug","8.4500"
"2012-09-30","2012Sep","8.5000"
"2012-10-31","2012Oct","8.4200"
"2012-11-30","2012Nov","8.3400"
"2012-12-31","2012Dec","8.2600"
"2013-01-31","2013Jan","8.3200"
"2013-02-28","2013Feb","8.3500"
"2013-03-31","2013Mar","8.3300"
"2013-04-30","2013Apr","8.2000"
"2013-05-31","2013May","8.1800"
"2013-06-30","2013Jun","8.2100"
"2013-07-31","2013Jul","8.0200"
"2013-08-31","2013Aug","8.0800"
"2013-09-30","2013Sep","8.1300"
"2013-10-31","2013Oct","8.0800"
"2013-11-30","2013Nov","8.0200"
"2013-12-31","2013Dec","7.9200"
"2014-01-31","2014Jan","8.0400"
"2014-02-28","2014Feb","8.1100"
"2014-03-31","2014Mar","8.0600"
"2014-04-30","2014Apr","7.9600"
"2014-05-31","2014May","7.9200"
"2014-06-30","2014Jun","7.9200"
"2014-07-31","2014Jul","7.7700"
"2014-08-31","2014Aug","7.8100"
"2014-09-30","2014Sep","7.9000"
"2014-10-31","2014Oct","7.7700"
"2014-11-30","2014Nov","7.8000"
"2014-12-31","2014Dec","7.6300"
"2015-01-31","2015Jan","7.7500"
"2015-02-28","2015Feb","7.7900"
"2015-03-31","2015Mar","7.7300"
"2015-04-30","2015Apr","7.6300"
"2015-05-31","2015May","7.6200"
"2015-06-30","2015Jun","7.5700"
"2015-07-31","2015Jul","7.4300"
"2015-08-31","2015Aug","7.4800"
"2015-09-30","2015Sep","7.5200"
"2015-10-31","2015Oct","7.4000"
"2015-11-30","2015Nov","7.3600"
"2015-12-31","2015Dec","7.2200"
"2016-01-31","2016Jan","7.3500"
"2016-02-29","2016Feb","7.3500"
"2016-03-31","2016Mar","7.3300"
"2016-04-30","2016Apr","7.2400"
"2016-05-31","2016May","7.2200"
"2016-06-30","2016Jun","7.2300"
"2016-07-31","2016Jul","7.1700"
"2016-08-31","2016Aug","7.1700"
"2016-09-30","2016Sep","7.2200"
"2016-10-31","2016Oct","7.1800"
"2016-11-30","2016Nov","7.1400"
"2016-12-31","2016Dec","7.0600"
"2017-01-31","2017Jan","7.0900"
"2017-02-28","2017Feb","7.2100"
"2017-03-31","2017Mar","7.1800"
"2017-04-30","2017Apr","7.1200"
"2017-05-31","2017May","7.0600"
"2017-06-30","2017Jun","7.1000"
"2017-07-31","2017Jul","7.0400"
"2017-08-31","2017Aug","7.0800"
"2017-09-30","2017Sep","7.1600"
"2017-10-31","2017Oct","7.1200"
"2017-11-30","2017Nov","7.0800"
"2017-12-31","2017Dec","6.9600"
"2018-01-31","2018Jan","7.0200"
"2018-02-28","2018Feb","7.1300"
"2018-03-31","2018Mar","7.1200"
"2018-04-30","2018Apr","7.0400"
"2018-05-31","2018May","7.0300"
"2018-06-30","2018Jun","7.0000"
"2018-07-31","2018Jul","6.9100"
"2018-08-31","2018Aug","6.9600"
"2018-09-30","2018Sep","7.0700"
"2018-10-31","2018Oct","6.9800"
"2018-11-30","2018Nov","6.9500"
"2018-12-31","2018Dec","6.8600"
"2019-01-31","2019Jan","6.9000"
"2019-02-28","2019Feb","7.0100"
"2019-03-31","2019Mar","6.9500"
"2019-04-30","2019Apr","6.8500"
"2019-05-31","2019May","6.8100"
"2019-06-30","2019Jun","6.8100"
"2019-07-31","2019Jul","6.6900"
"2019-08-31","2019Aug","6.7700"
"2019-09-30","2019Sep","6.8400"
"2019-10-31","2019Oct","6.7500"
"2019-11-30","2019Nov","6.7500"
"2019-12-31","2019Dec","6.6500"
"2020-01-31","2020Jan","6.6300"
"2020-02-29","2020Feb","6.7200"
"2020-03-31","2020Mar","6.7500"
"2020-04-30","2020Apr","6.7200"
"2020-05-31","2020May","6.5200"
"2020-06-30","2020Jun","6.3400"
"2020-07-31","2020Jul","6.1800"
"2020-08-31","2020Aug","6.2500"
"2020-09-30","2020Sep","6.2900"
"2020-10-31","2020Oct","6.2700"
"2020-11-30","2020Nov","6.2600"
"2020-12-31","2020Dec","6.0600"
"2021-01-31","2021Jan","6.2600"
"2021-02-28","2021Feb","6.2700"
"2021-03-31","2021Mar","6.1700"
"2021-04-30","2021Apr","6.0700"
"2021-05-31","2021May","6.0200"
"2021-06-30","2021Jun","5.9000"
"2021-07-31","2021Jul","5.8000"
"2021-08-31","2021Aug","5.8500"
"2021-09-30","2021Sep","5.9100"
"2021-10-31","2021Oct","5.8700"
"2021-11-30","2021Nov","5.8400"
"2021-12-31","2021Dec","5.7500"
"2022-01-31","2022Jan","5.8500"
"2022-02-28","2022Feb","5.8500"
"2022-03-31","2022Mar","5.8100"
"2022-04-30","2022Apr","5.7400"
"2022-05-31","2022May","5.7100"
"2022-06-30","2022Jun","5.7300"
"2022-07-31","2022Jul","5.7600"
"2022-08-31","2022Aug","5.8600"
"2022-09-30","2022Sep","6.0700"
"2022-10-31","2022Oct","6.3500"
"2022-11-30","2022Nov","6.5600"
"2022-12-31","2022Dec","6.6100"
"2023-01-31","2023Jan","6.9700"
"2023-02-28","2023Feb","7.1900"
"2023-03-31","2023Mar","7.2600"
"2023-04-30","2023Apr","7.4600"
"2023-05-31","2023May","7.5200"
"2023-06-30","2023Jun","7.6000"
"2023-07-31","2023Jul","7.7300"
"2023-08-31","2023Aug","7.8300"
"2023-09-30","2023Sep","8.0600"
"2023-10-31","2023Oct","8.1800"
"2023-11-30","2023Nov","8.1800"
"2023-12-31","2023Dec","8.1700"
"2024-01-31","2024Jan","8.3200"
"2024-02-29","2024Feb","8.4100"
"2024-03-31","2024Mar","8.3800"
"2024-04-30","2024Apr","8.3000"
"2024-05-31","2024May","8.3300"
"2024-06-30","2024Jun","8.3700"
"2024-07-31","2024Jul","8.2100"
"2024-08-31","2024Aug","8.2800"
"2024-09-30","2024Sep","8.4100"
"2024-10-31","2024Oct","8.2700"
"2024-11-30","2024Nov","8.2200"
"2024-12-31","2024Dec","8.0000"
"2025-01-31","2025Jan","8.0900"
