"DATE","TIME PERIOD","Bank interest rates - loans to households for consumption (pure new loans)- euro area (MIR.M.U2.B.A2B.A.R.A.2250.EUR.P)"
"2017-08-31","2017Aug","5.7500"
"2017-09-30","2017Sep","5.5800"
"2017-10-31","2017Oct","5.5500"
"2017-11-30","2017Nov","5.5000"
"2017-12-31","2017Dec","5.2000"
"2018-01-31","2018Jan","5.6700"
"2018-02-28","2018Feb","5.5400"
"2018-03-31","2018Mar","5.3900"
"2018-04-30","2018Apr","5.5200"
"2018-05-31","2018May","5.6800"
"2018-06-30","2018Jun","5.3800"
"2018-07-31","2018Jul","5.5200"
"2018-08-31","2018Aug","5.7100"
"2018-09-30","2018Sep","5.5900"
"2018-10-31","2018Oct","5.5400"
"2018-11-30","2018Nov","5.4900"
"2018-12-31","2018Dec","5.3300"
"2019-01-31","2019Jan","5.6700"
"2019-02-28","2019Feb","5.5800"
"2019-03-31","2019Mar","5.5400"
"2019-04-30","2019Apr","5.6000"
"2019-05-31","2019May","5.7300"
"2019-06-30","2019Jun","5.5900"
"2019-07-31","2019Jul","5.6800"
"2019-08-31","2019Aug","5.7400"
"2019-09-30","2019Sep","5.5800"
"2019-10-31","2019Oct","5.5700"
"2019-11-30","2019Nov","5.4900"
"2019-12-31","2019Dec","5.2700"
"2020-01-31","2020Jan","5.6300"
"2020-02-29","2020Feb","5.5400"
"2020-03-31","2020Mar","5.4800"
"2020-04-30","2020Apr","5.1900"
"2020-05-31","2020May","5.0100"
"2020-06-30","2020Jun","4.9900"
"2020-07-31","2020Jul","5.1400"
"2020-08-31","2020Aug","5.3000"
"2020-09-30","2020Sep","5.1800"
"2020-10-31","2020Oct","5.2200"
"2020-11-30","2020Nov","5.1900"
"2020-12-31","2020Dec","5.0400"
"2021-01-31","2021Jan","5.1900"
"2021-02-28","2021Feb","5.1900"
"2021-03-31","2021Mar","5.0600"
"2021-04-30","2021Apr","5.1500"
"2021-05-31","2021May","5.2800"
"2021-06-30","2021Jun","5.1200"
"2021-07-31","2021Jul","5.2100"
"2021-08-31","2021Aug","5.2900"
"2021-09-30","2021Sep","5.2200"
"2021-10-31","2021Oct","5.2100"
"2021-11-30","2021Nov","5.1500"
"2021-12-31","2021Dec","5.0300"
"2022-01-31","2022Jan","5.2700"
"2022-02-28","2022Feb","5.2300"
"2022-03-31","2022Mar","5.2100"
"2022-04-30","2022Apr","5.3800"
"2022-05-31","2022May","5.5700"
"2022-06-30","2022Jun","5.5100"
"2022-07-31","2022Jul","5.7300"
"2022-08-31","2022Aug","5.9100"
"2022-09-30","2022Sep","5.9600"
"2022-10-31","2022Oct","6.2400"
"2022-11-30","2022Nov","6.4600"
"2022-12-31","2022Dec","6.4000"
"2023-01-31","2023Jan","6.9400"
"2023-02-28","2023Feb","7.0700"
"2023-03-31","2023Mar","7.2100"
"2023-04-30","2023Apr","7.4400"
"2023-05-31","2023May","7.5900"
"2023-06-30","2023Jun","7.4800"
"2023-07-31","2023Jul","7.7100"
"2023-08-31","2023Aug","7.8200"
"2023-09-30","2023Sep","7.8000"
"2023-10-31","2023Oct","7.8200"
"2023-11-30","2023Nov","7.7400"
"2023-12-31","2023Dec","7.6500"
"2024-01-31","2024Jan","7.9400"
"2024-02-29","2024Feb","7.8600"
"2024-03-31","2024Mar","7.7700"
"2024-04-30","2024Apr","7.8100"
"2024-05-31","2024May","7.8700"
"2024-06-30","2024Jun","7.6300"
"2024-07-31","2024Jul","7.7000"
"2024-08-31","2024Aug","7.7500"
"2024-09-30","2024Sep","7.7000"
"2024-10-31","2024Oct","7.6300"
"2024-11-30","2024Nov","7.5400"
"2024-12-31","2024Dec","7.3700"
"2025-01-31","2025Jan","7.5700"
