"DATE","TIME PERIOD","Bank interest rates - loans to households (outstanding amounts) - euro area (MIR.M.U2.B.A20.A.R.A.2250.EUR.O)"
"2003-01-31","2003Jan","6.1400"
"2003-02-28","2003Feb","6.1400"
"2003-03-31","2003Mar","6.0800"
"2003-04-30","2003Apr","6.0300"
"2003-05-31","2003May","5.9900"
"2003-06-30","2003Jun","5.9500"
"2003-07-31","2003Jul","5.8600"
"2003-08-31","2003Aug","5.8100"
"2003-09-30","2003Sep","5.7900"
"2003-10-31","2003Oct","5.7500"
"2003-11-30","2003Nov","5.7200"
"2003-12-31","2003Dec","5.6800"
"2004-01-31","2004Jan","5.6400"
"2004-02-29","2004Feb","5.6300"
"2004-03-31","2004Mar","5.5900"
"2004-04-30","2004Apr","5.5600"
"2004-05-31","2004May","5.5200"
"2004-06-30","2004Jun","5.5200"
"2004-07-31","2004Jul","5.4800"
"2004-08-31","2004Aug","5.4500"
"2004-09-30","2004Sep","5.4600"
"2004-10-31","2004Oct","5.4200"
"2004-11-30","2004Nov","5.4000"
"2004-12-31","2004Dec","5.3900"
"2005-01-31","2005Jan","5.3400"
"2005-02-28","2005Feb","5.3300"
"2005-03-31","2005Mar","5.3300"
"2005-04-30","2005Apr","5.2900"
"2005-05-31","2005May","5.2500"
"2005-06-30","2005Jun","5.2300"
"2005-07-31","2005Jul","5.1800"
"2005-08-31","2005Aug","5.1300"
"2005-09-30","2005Sep","5.1400"
"2005-10-31","2005Oct","5.1200"
"2005-11-30","2005Nov","5.0900"
"2005-12-31","2005Dec","5.0700"
"2006-01-31","2006Jan","5.0500"
"2006-02-28","2006Feb","5.0900"
"2006-03-31","2006Mar","5.0900"
"2006-04-30","2006Apr","5.0900"
"2006-05-31","2006May","5.0800"
"2006-06-30","2006Jun","5.1100"
"2006-07-31","2006Jul","5.1300"
"2006-08-31","2006Aug","5.1500"
"2006-09-30","2006Sep","5.1900"
"2006-10-31","2006Oct","5.2100"
"2006-11-30","2006Nov","5.2400"
"2006-12-31","2006Dec","5.2600"
"2007-01-31","2007Jan","5.2900"
"2007-02-28","2007Feb","5.3500"
"2007-03-31","2007Mar","5.3400"
"2007-04-30","2007Apr","5.3600"
"2007-05-31","2007May","5.3700"
"2007-06-30","2007Jun","5.4100"
"2007-07-31","2007Jul","5.4400"
"2007-08-31","2007Aug","5.4500"
"2007-09-30","2007Sep","5.5000"
"2007-10-31","2007Oct","5.5400"
"2007-11-30","2007Nov","5.5500"
"2007-12-31","2007Dec","5.5600"
"2008-01-31","2008Jan","5.5700"
"2008-02-29","2008Feb","5.6000"
"2008-03-31","2008Mar","5.5900"
"2008-04-30","2008Apr","5.6000"
"2008-05-31","2008May","5.6100"
"2008-06-30","2008Jun","5.6500"
"2008-07-31","2008Jul","5.6900"
"2008-08-31","2008Aug","5.7000"
"2008-09-30","2008Sep","5.7500"
"2008-10-31","2008Oct","5.7700"
"2008-11-30","2008Nov","5.7500"
"2008-12-31","2008Dec","5.6600"
"2009-01-31","2009Jan","5.5000"
"2009-02-28","2009Feb","5.4700"
"2009-03-31","2009Mar","5.3300"
"2009-04-30","2009Apr","5.1900"
"2009-05-31","2009May","5.1000"
"2009-06-30","2009Jun","5.0300"
"2009-07-31","2009Jul","4.9100"
"2009-08-31","2009Aug","4.8400"
"2009-09-30","2009Sep","4.8200"
"2009-10-31","2009Oct","4.7400"
"2009-11-30","2009Nov","4.6900"
"2009-12-31","2009Dec","4.6200"
"2010-01-31","2010Jan","4.5600"
"2010-02-28","2010Feb","4.5900"
"2010-03-31","2010Mar","4.5300"
"2010-04-30","2010Apr","4.4800"
"2010-05-31","2010May","4.4500"
"2010-06-30","2010Jun","4.4500"
"2010-07-31","2010Jul","4.4200"
"2010-08-31","2010Aug","4.4200"
"2010-09-30","2010Sep","4.4300"
"2010-10-31","2010Oct","4.4200"
"2010-11-30","2010Nov","4.4300"
"2010-12-31","2010Dec","4.4000"
"2011-01-31","2011Jan","4.3900"
"2011-02-28","2011Feb","4.4100"
"2011-03-31","2011Mar","4.4200"
"2011-04-30","2011Apr","4.4300"
"2011-05-31","2011May","4.4300"
"2011-06-30","2011Jun","4.4600"
"2011-07-31","2011Jul","4.4800"
"2011-08-31","2011Aug","4.4900"
"2011-09-30","2011Sep","4.5100"
"2011-10-31","2011Oct","4.5100"
"2011-11-30","2011Nov","4.5100"
"2011-12-31","2011Dec","4.4900"
"2012-01-31","2012Jan","4.4700"
"2012-02-29","2012Feb","4.4500"
"2012-03-31","2012Mar","4.4400"
"2012-04-30","2012Apr","4.3800"
"2012-05-31","2012May","4.3500"
"2012-06-30","2012Jun","4.3300"
"2012-07-31","2012Jul","4.2800"
"2012-08-31","2012Aug","4.2300"
"2012-09-30","2012Sep","4.2300"
"2012-10-31","2012Oct","4.1700"
"2012-11-30","2012Nov","4.1500"
"2012-12-31","2012Dec","4.1200"
"2013-01-31","2013Jan","4.0900"
"2013-02-28","2013Feb","4.0800"
"2013-03-31","2013Mar","4.0600"
"2013-04-30","2013Apr","4.0500"
"2013-05-31","2013May","4.0200"
"2013-06-30","2013Jun","4.0100"
"2013-07-31","2013Jul","3.9700"
"2013-08-31","2013Aug","3.9400"
"2013-09-30","2013Sep","3.9500"
"2013-10-31","2013Oct","3.9200"
"2013-11-30","2013Nov","3.9000"
"2013-12-31","2013Dec","3.8800"
"2014-01-31","2014Jan","3.8700"
"2014-02-28","2014Feb","3.9300"
"2014-03-31","2014Mar","3.8900"
"2014-04-30","2014Apr","3.8700"
"2014-05-31","2014May","3.8600"
"2014-06-30","2014Jun","3.8600"
"2014-07-31","2014Jul","3.8200"
"2014-08-31","2014Aug","3.7900"
"2014-09-30","2014Sep","3.8000"
"2014-10-31","2014Oct","3.7700"
"2014-11-30","2014Nov","3.7500"
"2014-12-31","2014Dec","3.7000"
"2015-01-31","2015Jan","3.6700"
"2015-02-28","2015Feb","3.7000"
"2015-03-31","2015Mar","3.6500"
"2015-04-30","2015Apr","3.6100"
"2015-05-31","2015May","3.5700"
"2015-06-30","2015Jun","3.5700"
"2015-07-31","2015Jul","3.5200"
"2015-08-31","2015Aug","3.4800"
"2015-09-30","2015Sep","3.4700"
"2015-10-31","2015Oct","3.4500"
"2015-11-30","2015Nov","3.4300"
"2015-12-31","2015Dec","3.3900"
"2016-01-31","2016Jan","3.3600"
"2016-02-29","2016Feb","3.3500"
"2016-03-31","2016Mar","3.3300"
"2016-04-30","2016Apr","3.2900"
"2016-05-31","2016May","3.2700"
"2016-06-30","2016Jun","3.2500"
"2016-07-31","2016Jul","3.2100"
"2016-08-31","2016Aug","3.1800"
"2016-09-30","2016Sep","3.1800"
"2016-10-31","2016Oct","3.1400"
"2016-11-30","2016Nov","3.1300"
"2016-12-31","2016Dec","3.0900"
"2017-01-31","2017Jan","3.0500"
"2017-02-28","2017Feb","3.0700"
"2017-03-31","2017Mar","3.0300"
"2017-04-30","2017Apr","3.0000"
"2017-05-31","2017May","2.9800"
"2017-06-30","2017Jun","2.9700"
"2017-07-31","2017Jul","2.9500"
"2017-08-31","2017Aug","2.9300"
"2017-09-30","2017Sep","2.9200"
"2017-10-31","2017Oct","2.9000"
"2017-11-30","2017Nov","2.8900"
"2017-12-31","2017Dec","2.8600"
"2018-01-31","2018Jan","2.8400"
"2018-02-28","2018Feb","2.8700"
"2018-03-31","2018Mar","2.8200"
"2018-04-30","2018Apr","2.8000"
"2018-05-31","2018May","2.7800"
"2018-06-30","2018Jun","2.7800"
"2018-07-31","2018Jul","2.7500"
"2018-08-31","2018Aug","2.7400"
"2018-09-30","2018Sep","2.7400"
"2018-10-31","2018Oct","2.7200"
"2018-11-30","2018Nov","2.7100"
"2018-12-31","2018Dec","2.6900"
"2019-01-31","2019Jan","2.6800"
"2019-02-28","2019Feb","2.7100"
"2019-03-31","2019Mar","2.6800"
"2019-04-30","2019Apr","2.6600"
"2019-05-31","2019May","2.6500"
"2019-06-30","2019Jun","2.6500"
"2019-07-31","2019Jul","2.6300"
"2019-08-31","2019Aug","2.6100"
"2019-09-30","2019Sep","2.6100"
"2019-10-31","2019Oct","2.5800"
"2019-11-30","2019Nov","2.5700"
"2019-12-31","2019Dec","2.5400"
"2020-01-31","2020Jan","2.5300"
"2020-02-29","2020Feb","2.5300"
"2020-03-31","2020Mar","2.5000"
"2020-04-30","2020Apr","2.4800"
"2020-05-31","2020May","2.4500"
"2020-06-30","2020Jun","2.4500"
"2020-07-31","2020Jul","2.4200"
"2020-08-31","2020Aug","2.4000"
"2020-09-30","2020Sep","2.3900"
"2020-10-31","2020Oct","2.3700"
"2020-11-30","2020Nov","2.3600"
"2020-12-31","2020Dec","2.3400"
"2021-01-31","2021Jan","2.3100"
"2021-02-28","2021Feb","2.3200"
"2021-03-31","2021Mar","2.2900"
"2021-04-30","2021Apr","2.2600"
"2021-05-31","2021May","2.2400"
"2021-06-30","2021Jun","2.2300"
"2021-07-31","2021Jul","2.2100"
"2021-08-31","2021Aug","2.2000"
"2021-09-30","2021Sep","2.1900"
"2021-10-31","2021Oct","2.1700"
"2021-11-30","2021Nov","2.1800"
"2021-12-31","2021Dec","2.1500"
"2022-01-31","2022Jan","2.1300"
"2022-02-28","2022Feb","2.1600"
"2022-03-31","2022Mar","2.1300"
"2022-04-30","2022Apr","2.1200"
"2022-05-31","2022May","2.1300"
"2022-06-30","2022Jun","2.1500"
"2022-07-31","2022Jul","2.1600"
"2022-08-31","2022Aug","2.1900"
"2022-09-30","2022Sep","2.2400"
"2022-10-31","2022Oct","2.3300"
"2022-11-30","2022Nov","2.3900"
"2022-12-31","2022Dec","2.4500"
"2023-01-31","2023Jan","2.5400"
"2023-02-28","2023Feb","2.6200"
"2023-03-31","2023Mar","2.6700"
"2023-04-30","2023Apr","2.7400"
"2023-05-31","2023May","2.7900"
"2023-06-30","2023Jun","2.8500"
"2023-07-31","2023Jul","2.8900"
"2023-08-31","2023Aug","2.9300"
"2023-09-30","2023Sep","2.9900"
"2023-10-31","2023Oct","3.0200"
"2023-11-30","2023Nov","3.0500"
"2023-12-31","2023Dec","3.0600"
"2024-01-31","2024Jan","3.0800"
"2024-02-29","2024Feb","3.1100"
"2024-03-31","2024Mar","3.1100"
"2024-04-30","2024Apr","3.1200"
"2024-05-31","2024May","3.1400"
"2024-06-30","2024Jun","3.1500"
"2024-07-31","2024Jul","3.1500"
"2024-08-31","2024Aug","3.1500"
"2024-09-30","2024Sep","3.1700"
"2024-10-31","2024Oct","3.1600"
"2024-11-30","2024Nov","3.1600"
"2024-12-31","2024Dec","3.1300"
"2025-01-31","2025Jan","3.1000"
