"DATE","TIME PERIOD","Bank business volumes - loans to households for house purchase (new business) - euro area (MIR.M.U2.B.A2C.A.B.A.2250.EUR.N)"
"2003-01-31","2003Jan","41504"
"2003-02-28","2003Feb","39549"
"2003-03-31","2003Mar","43455"
"2003-04-30","2003Apr","46545"
"2003-05-31","2003May","43852"
"2003-06-30","2003Jun","47810"
"2003-07-31","2003Jul","57845"
"2003-08-31","2003Aug","40223"
"2003-09-30","2003Sep","47352"
"2003-10-31","2003Oct","51284"
"2003-11-30","2003Nov","45751"
"2003-12-31","2003Dec","54565"
"2004-01-31","2004Jan","43593"
"2004-02-29","2004Feb","42161"
"2004-03-31","2004Mar","51581"
"2004-04-30","2004Apr","48605"
"2004-05-31","2004May","47620"
"2004-06-30","2004Jun","55093"
"2004-07-31","2004Jul","58203"
"2004-08-31","2004Aug","39382"
"2004-09-30","2004Sep","45585"
"2004-10-31","2004Oct","47904"
"2004-11-30","2004Nov","49454"
"2004-12-31","2004Dec","60278"
"2005-01-31","2005Jan","47160"
"2005-02-28","2005Feb","46863"
"2005-03-31","2005Mar","57507"
"2005-04-30","2005Apr","61710"
"2005-05-31","2005May","60362"
"2005-06-30","2005Jun","68679"
"2005-07-31","2005Jul","70278"
"2005-08-31","2005Aug","55726"
"2005-09-30","2005Sep","63462"
"2005-10-31","2005Oct","64213"
"2005-11-30","2005Nov","69094"
"2005-12-31","2005Dec","81520"
"2006-01-31","2006Jan","67024"
"2006-02-28","2006Feb","63479"
"2006-03-31","2006Mar","78060"
"2006-04-30","2006Apr","68002"
"2006-05-31","2006May","73834"
"2006-06-30","2006Jun","79093"
"2006-07-31","2006Jul","76922"
"2006-08-31","2006Aug","60426"
"2006-09-30","2006Sep","63090"
"2006-10-31","2006Oct","68169"
"2006-11-30","2006Nov","67886"
"2006-12-31","2006Dec","68667"
"2007-01-31","2007Jan","62746"
"2007-02-28","2007Feb","56901"
"2007-03-31","2007Mar","72295"
"2007-04-30","2007Apr","62766"
"2007-05-31","2007May","68385"
"2007-06-30","2007Jun","72825"
"2007-07-31","2007Jul","77386"
"2007-08-31","2007Aug","59313"
"2007-09-30","2007Sep","54526"
"2007-10-31","2007Oct","63780"
"2007-11-30","2007Nov","59179"
"2007-12-31","2007Dec","57418"
"2008-01-31","2008Jan","54790"
"2008-02-29","2008Feb","52760"
"2008-03-31","2008Mar","51119"
"2008-04-30","2008Apr","61285"
"2008-05-31","2008May","57422"
"2008-06-30","2008Jun","58986"
"2008-07-31","2008Jul","63809"
"2008-08-31","2008Aug","44616"
"2008-09-30","2008Sep","47000"
"2008-10-31","2008Oct","49849"
"2008-11-30","2008Nov","40925"
"2008-12-31","2008Dec","48484"
"2009-01-31","2009Jan","41539"
"2009-02-28","2009Feb","39741"
"2009-03-31","2009Mar","49163"
"2009-04-30","2009Apr","49109"
"2009-05-31","2009May","46746"
"2009-06-30","2009Jun","53587"
"2009-07-31","2009Jul","58896"
"2009-08-31","2009Aug","41462"
"2009-09-30","2009Sep","45889"
"2009-10-31","2009Oct","48480"
"2009-11-30","2009Nov","44618"
"2009-12-31","2009Dec","54694"
"2010-01-31","2010Jan","41272"
"2010-02-28","2010Feb","42161"
"2010-03-31","2010Mar","52726"
"2010-04-30","2010Apr","50042"
"2010-05-31","2010May","49661"
"2010-06-30","2010Jun","60402"
"2010-07-31","2010Jul","62108"
"2010-08-31","2010Aug","48282"
"2010-09-30","2010Sep","53883"
"2010-10-31","2010Oct","53825"
"2010-11-30","2010Nov","56448"
"2010-12-31","2010Dec","75103"
"2011-01-31","2011Jan","52877"
"2011-02-28","2011Feb","50322"
"2011-03-31","2011Mar","58013"
"2011-04-30","2011Apr","51826"
"2011-05-31","2011May","53529"
"2011-06-30","2011Jun","50286"
"2011-07-31","2011Jul","50395"
"2011-08-31","2011Aug","42985"
"2011-09-30","2011Sep","44468"
"2011-10-31","2011Oct","43917"
"2011-11-30","2011Nov","45051"
"2011-12-31","2011Dec","53333"
"2012-01-31","2012Jan","42239"
"2012-02-29","2012Feb","34972"
"2012-03-31","2012Mar","41299"
"2012-04-30","2012Apr","38524"
"2012-05-31","2012May","40032"
"2012-06-30","2012Jun","45135"
"2012-07-31","2012Jul","47290"
"2012-08-31","2012Aug","40991"
"2012-09-30","2012Sep","37718"
"2012-10-31","2012Oct","42542"
"2012-11-30","2012Nov","40505"
"2012-12-31","2012Dec","45363"
"2013-01-31","2013Jan","41388"
"2013-02-28","2013Feb","36335"
"2013-03-31","2013Mar","41711"
"2013-04-30","2013Apr","46811"
"2013-05-31","2013May","44667"
"2013-06-30","2013Jun","46570"
"2013-07-31","2013Jul","55379"
"2013-08-31","2013Aug","44600"
"2013-09-30","2013Sep","43500"
"2013-10-31","2013Oct","47441"
"2013-11-30","2013Nov","40495"
"2013-12-31","2013Dec","45696"
"2014-01-31","2014Jan","41636"
"2014-02-28","2014Feb","39453"
"2014-03-31","2014Mar","41632"
"2014-04-30","2014Apr","44165"
"2014-05-31","2014May","41927"
"2014-06-30","2014Jun","44570"
"2014-07-31","2014Jul","51511"
"2014-08-31","2014Aug","40921"
"2014-09-30","2014Sep","45483"
"2014-10-31","2014Oct","51008"
"2014-11-30","2014Nov","48483"
"2014-12-31","2014Dec","63014"
"2015-01-31","2015Jan","55566"
"2015-02-28","2015Feb","55771"
"2015-03-31","2015Mar","67848"
"2015-04-30","2015Apr","67314"
"2015-05-31","2015May","64905"
"2015-06-30","2015Jun","79145"
"2015-07-31","2015Jul","87758"
"2015-08-31","2015Aug","68832"
"2015-09-30","2015Sep","71712"
"2015-10-31","2015Oct","68614"
"2015-11-30","2015Nov","64628"
"2015-12-31","2015Dec","71487"
"2016-01-31","2016Jan","57876"
"2016-02-29","2016Feb","60419"
"2016-03-31","2016Mar","69637"
"2016-04-30","2016Apr","68725"
"2016-05-31","2016May","70907"
"2016-06-30","2016Jun","80650"
"2016-07-31","2016Jul","81140"
"2016-08-31","2016Aug","75138"
"2016-09-30","2016Sep","78223"
"2016-10-31","2016Oct","77051"
"2016-11-30","2016Nov","83158"
"2016-12-31","2016Dec","97730"
"2017-01-31","2017Jan","90947"
"2017-02-28","2017Feb","80592"
"2017-03-31","2017Mar","89722"
"2017-04-30","2017Apr","74221"
"2017-05-31","2017May","79819"
"2017-06-30","2017Jun","78137"
"2017-07-31","2017Jul","76302"
"2017-08-31","2017Aug","63423"
"2017-09-30","2017Sep","60608"
"2017-10-31","2017Oct","62831"
"2017-11-30","2017Nov","65396"
"2017-12-31","2017Dec","68747"
"2018-01-31","2018Jan","65892"
"2018-02-28","2018Feb","61388"
"2018-03-31","2018Mar","69756"
"2018-04-30","2018Apr","68517"
"2018-05-31","2018May","68837"
"2018-06-30","2018Jun","75669"
"2018-07-31","2018Jul","79812"
"2018-08-31","2018Aug","67000"
"2018-09-30","2018Sep","63690"
"2018-10-31","2018Oct","73373"
"2018-11-30","2018Nov","68752"
"2018-12-31","2018Dec","70322"
"2019-01-31","2019Jan","67479"
"2019-02-28","2019Feb","63929"
"2019-03-31","2019Mar","70233"
"2019-04-30","2019Apr","72561"
"2019-05-31","2019May","73424"
"2019-06-30","2019Jun","72241"
"2019-07-31","2019Jul","89095"
"2019-08-31","2019Aug","72618"
"2019-09-30","2019Sep","76372"
"2019-10-31","2019Oct","87515"
"2019-11-30","2019Nov","85539"
"2019-12-31","2019Dec","91471"
"2020-01-31","2020Jan","80848"
"2020-02-29","2020Feb","77133"
"2020-03-31","2020Mar","79860"
"2020-04-30","2020Apr","82612"
"2020-05-31","2020May","80399"
"2020-06-30","2020Jun","80252"
"2020-07-31","2020Jul","85026"
"2020-08-31","2020Aug","71280"
"2020-09-30","2020Sep","81114"
"2020-10-31","2020Oct","85454"
"2020-11-30","2020Nov","82660"
"2020-12-31","2020Dec","89400"
"2021-01-31","2021Jan","74673"
"2021-02-28","2021Feb","77098"
"2021-03-31","2021Mar","96637"
"2021-04-30","2021Apr","91133"
"2021-05-31","2021May","87688"
"2021-06-30","2021Jun","98695"
"2021-07-31","2021Jul","98706"
"2021-08-31","2021Aug","79681"
"2021-09-30","2021Sep","83313"
"2021-10-31","2021Oct","83192"
"2021-11-30","2021Nov","83356"
"2021-12-31","2021Dec","94175"
"2022-01-31","2022Jan","83183"
"2022-02-28","2022Feb","86042"
"2022-03-31","2022Mar","105601"
"2022-04-30","2022Apr","93082"
"2022-05-31","2022May","96254"
"2022-06-30","2022Jun","91928"
"2022-07-31","2022Jul","86763"
"2022-08-31","2022Aug","71451"
"2022-09-30","2022Sep","68870"
"2022-10-31","2022Oct","65195"
"2022-11-30","2022Nov","63024"
"2022-12-31","2022Dec","66652"
"2023-01-31","2023Jan","55221"
"2023-02-28","2023Feb","52415"
"2023-03-31","2023Mar","63219"
"2023-04-30","2023Apr","55772"
"2023-05-31","2023May","59113"
"2023-06-30","2023Jun","62362"
"2023-07-31","2023Jul","59636"
"2023-08-31","2023Aug","53246"
"2023-09-30","2023Sep","52614"
"2023-10-31","2023Oct","58002"
"2023-11-30","2023Nov","53056"
"2023-12-31","2023Dec","55260"
"2024-01-31","2024Jan","50557"
"2024-02-29","2024Feb","49780"
"2024-03-31","2024Mar","54189"
"2024-04-30","2024Apr","58300"
"2024-05-31","2024May","57509"
"2024-06-30","2024Jun","60020"
"2024-07-31","2024Jul","71488"
"2024-08-31","2024Aug","55937"
"2024-09-30","2024Sep","60243"
"2024-10-31","2024Oct","67036"
"2024-11-30","2024Nov","63964"
"2024-12-31","2024Dec","71274"
"2025-01-31","2025Jan","81668"
