"DATE","TIME PERIOD","Bank business volumes - loans to households for house purchase with an IRF period of over ten years (new business) - euro area (MIR.M.U2.B.A2C.P.B.A.2250.EUR.N)"
"2003-01-31","2003Jan","7514"
"2003-02-28","2003Feb","7886"
"2003-03-31","2003Mar","7994"
"2003-04-30","2003Apr","8603"
"2003-05-31","2003May","8118"
"2003-06-30","2003Jun","8803"
"2003-07-31","2003Jul","11263"
"2003-08-31","2003Aug","8603"
"2003-09-30","2003Sep","9252"
"2003-10-31","2003Oct","8996"
"2003-11-30","2003Nov","7802"
"2003-12-31","2003Dec","8076"
"2004-01-31","2004Jan","8071"
"2004-02-29","2004Feb","7209"
"2004-03-31","2004Mar","7929"
"2004-04-30","2004Apr","7463"
"2004-05-31","2004May","6972"
"2004-06-30","2004Jun","7821"
"2004-07-31","2004Jul","7884"
"2004-08-31","2004Aug","6481"
"2004-09-30","2004Sep","6648"
"2004-10-31","2004Oct","6642"
"2004-11-30","2004Nov","6774"
"2004-12-31","2004Dec","8768"
"2005-01-31","2005Jan","7857"
"2005-02-28","2005Feb","7413"
"2005-03-31","2005Mar","9824"
"2005-04-30","2005Apr","9997"
"2005-05-31","2005May","10313"
"2005-06-30","2005Jun","12770"
"2005-07-31","2005Jul","12485"
"2005-08-31","2005Aug","11841"
"2005-09-30","2005Sep","12638"
"2005-10-31","2005Oct","11941"
"2005-11-30","2005Nov","13030"
"2005-12-31","2005Dec","17243"
"2006-01-31","2006Jan","15036"
"2006-02-28","2006Feb","14691"
"2006-03-31","2006Mar","18624"
"2006-04-30","2006Apr","16344"
"2006-05-31","2006May","18461"
"2006-06-30","2006Jun","19851"
"2006-07-31","2006Jul","18297"
"2006-08-31","2006Aug","15091"
"2006-09-30","2006Sep","15452"
"2006-10-31","2006Oct","16271"
"2006-11-30","2006Nov","16771"
"2006-12-31","2006Dec","17931"
"2007-01-31","2007Jan","17040"
"2007-02-28","2007Feb","15299"
"2007-03-31","2007Mar","20268"
"2007-04-30","2007Apr","18194"
"2007-05-31","2007May","19877"
"2007-06-30","2007Jun","22321"
"2007-07-31","2007Jul","23277"
"2007-08-31","2007Aug","17784"
"2007-09-30","2007Sep","16160"
"2007-10-31","2007Oct","18651"
"2007-11-30","2007Nov","18113"
"2007-12-31","2007Dec","17747"
"2008-01-31","2008Jan","16310"
"2008-02-29","2008Feb","15293"
"2008-03-31","2008Mar","14617"
"2008-04-30","2008Apr","17132"
"2008-05-31","2008May","17106"
"2008-06-30","2008Jun","18018"
"2008-07-31","2008Jul","20340"
"2008-08-31","2008Aug","14294"
"2008-09-30","2008Sep","15050"
"2008-10-31","2008Oct","15749"
"2008-11-30","2008Nov","12712"
"2008-12-31","2008Dec","15111"
"2009-01-31","2009Jan","10342"
"2009-02-28","2009Feb","9725"
"2009-03-31","2009Mar","12001"
"2009-04-30","2009Apr","11594"
"2009-05-31","2009May","11460"
"2009-06-30","2009Jun","12859"
"2009-07-31","2009Jul","13910"
"2009-08-31","2009Aug","10384"
"2009-09-30","2009Sep","11790"
"2009-10-31","2009Oct","11597"
"2009-11-30","2009Nov","10492"
"2009-12-31","2009Dec","14526"
"2010-01-31","2010Jan","10103"
"2010-02-28","2010Feb","11427"
"2010-03-31","2010Mar","13569"
"2010-04-30","2010Apr","12991"
"2010-05-31","2010May","13073"
"2010-06-30","2010Jun","16484"
"2010-07-31","2010Jul","18525"
"2010-08-31","2010Aug","15813"
"2010-09-30","2010Sep","17199"
"2010-10-31","2010Oct","17390"
"2010-11-30","2010Nov","19767"
"2010-12-31","2010Dec","27987"
"2011-01-31","2011Jan","18596"
"2011-02-28","2011Feb","17405"
"2011-03-31","2011Mar","19440"
"2011-04-30","2011Apr","16233"
"2011-05-31","2011May","16647"
"2011-06-30","2011Jun","15444"
"2011-07-31","2011Jul","14990"
"2011-08-31","2011Aug","13941"
"2011-09-30","2011Sep","14014"
"2011-10-31","2011Oct","13798"
"2011-11-30","2011Nov","15180"
"2011-12-31","2011Dec","20233"
"2012-01-31","2012Jan","15370"
"2012-02-29","2012Feb","11388"
"2012-03-31","2012Mar","13697"
"2012-04-30","2012Apr","11546"
"2012-05-31","2012May","12176"
"2012-06-30","2012Jun","15367"
"2012-07-31","2012Jul","15946"
"2012-08-31","2012Aug","14459"
"2012-09-30","2012Sep","13056"
"2012-10-31","2012Oct","14077"
"2012-11-30","2012Nov","12876"
"2012-12-31","2012Dec","14277"
"2013-01-31","2013Jan","13900"
"2013-02-28","2013Feb","12180"
"2013-03-31","2013Mar","14965"
"2013-04-30","2013Apr","16739"
"2013-05-31","2013May","16506"
"2013-06-30","2013Jun","17804"
"2013-07-31","2013Jul","21432"
"2013-08-31","2013Aug","17979"
"2013-09-30","2013Sep","16686"
"2013-10-31","2013Oct","17449"
"2013-11-30","2013Nov","14913"
"2013-12-31","2013Dec","16569"
"2014-01-31","2014Jan","13405"
"2014-02-28","2014Feb","13639"
"2014-03-31","2014Mar","13170"
"2014-04-30","2014Apr","14204"
"2014-05-31","2014May","13575"
"2014-06-30","2014Jun","15026"
"2014-07-31","2014Jul","18088"
"2014-08-31","2014Aug","15676"
"2014-09-30","2014Sep","17607"
"2014-10-31","2014Oct","19982"
"2014-11-30","2014Nov","19991"
"2014-12-31","2014Dec","26397"
"2015-01-31","2015Jan","24354"
"2015-02-28","2015Feb","23869"
"2015-03-31","2015Mar","29648"
"2015-04-30","2015Apr","30956"
"2015-05-31","2015May","30527"
"2015-06-30","2015Jun","38851"
"2015-07-31","2015Jul","43952"
"2015-08-31","2015Aug","34983"
"2015-09-30","2015Sep","36356"
"2015-10-31","2015Oct","32605"
"2015-11-30","2015Nov","29415"
"2015-12-31","2015Dec","32350"
"2016-01-31","2016Jan","24829"
"2016-02-29","2016Feb","26656"
"2016-03-31","2016Mar","31931"
"2016-04-30","2016Apr","32760"
"2016-05-31","2016May","34568"
"2016-06-30","2016Jun","41605"
"2016-07-31","2016Jul","43510"
"2016-08-31","2016Aug","41394"
"2016-09-30","2016Sep","43405"
"2016-10-31","2016Oct","42646"
"2016-11-30","2016Nov","46226"
"2016-12-31","2016Dec","55238"
"2017-01-31","2017Jan","52763"
"2017-02-28","2017Feb","46670"
"2017-03-31","2017Mar","51380"
"2017-04-30","2017Apr","41319"
"2017-05-31","2017May","43282"
"2017-06-30","2017Jun","42412"
"2017-07-31","2017Jul","40179"
"2017-08-31","2017Aug","30894"
"2017-09-30","2017Sep","29663"
"2017-10-31","2017Oct","29940"
"2017-11-30","2017Nov","31701"
"2017-12-31","2017Dec","34660"
"2018-01-31","2018Jan","32419"
"2018-02-28","2018Feb","29872"
"2018-03-31","2018Mar","34707"
"2018-04-30","2018Apr","33643"
"2018-05-31","2018May","33985"
"2018-06-30","2018Jun","38359"
"2018-07-31","2018Jul","41828"
"2018-08-31","2018Aug","34692"
"2018-09-30","2018Sep","32925"
"2018-10-31","2018Oct","37520"
"2018-11-30","2018Nov","35315"
"2018-12-31","2018Dec","37627"
"2019-01-31","2019Jan","35236"
"2019-02-28","2019Feb","33583"
"2019-03-31","2019Mar","37465"
"2019-04-30","2019Apr","37781"
"2019-05-31","2019May","37775"
"2019-06-30","2019Jun","39379"
"2019-07-31","2019Jul","50062"
"2019-08-31","2019Aug","40409"
"2019-09-30","2019Sep","42804"
"2019-10-31","2019Oct","50429"
"2019-11-30","2019Nov","48818"
"2019-12-31","2019Dec","55246"
"2020-01-31","2020Jan","46907"
"2020-02-29","2020Feb","45907"
"2020-03-31","2020Mar","44259"
"2020-04-30","2020Apr","46001"
"2020-05-31","2020May","46638"
"2020-06-30","2020Jun","46885"
"2020-07-31","2020Jul","50729"
"2020-08-31","2020Aug","42195"
"2020-09-30","2020Sep","49063"
"2020-10-31","2020Oct","51633"
"2020-11-30","2020Nov","49029"
"2020-12-31","2020Dec","53655"
"2021-01-31","2021Jan","43382"
"2021-02-28","2021Feb","44885"
"2021-03-31","2021Mar","56969"
"2021-04-30","2021Apr","54354"
"2021-05-31","2021May","53282"
"2021-06-30","2021Jun","61352"
"2021-07-31","2021Jul","61679"
"2021-08-31","2021Aug","48415"
"2021-09-30","2021Sep","50758"
"2021-10-31","2021Oct","49715"
"2021-11-30","2021Nov","49268"
"2021-12-31","2021Dec","56974"
"2022-01-31","2022Jan","49813"
"2022-02-28","2022Feb","51274"
"2022-03-31","2022Mar","63166"
"2022-04-30","2022Apr","56056"
"2022-05-31","2022May","57335"
"2022-06-30","2022Jun","55026"
"2022-07-31","2022Jul","50111"
"2022-08-31","2022Aug","40422"
"2022-09-30","2022Sep","35792"
"2022-10-31","2022Oct","32678"
"2022-11-30","2022Nov","31813"
"2022-12-31","2022Dec","33122"
"2023-01-31","2023Jan","27425"
"2023-02-28","2023Feb","26030"
"2023-03-31","2023Mar","32268"
"2023-04-30","2023Apr","28395"
"2023-05-31","2023May","30399"
"2023-06-30","2023Jun","31138"
"2023-07-31","2023Jul","30397"
"2023-08-31","2023Aug","25750"
"2023-09-30","2023Sep","26167"
"2023-10-31","2023Oct","27580"
"2023-11-30","2023Nov","25271"
"2023-12-31","2023Dec","26281"
"2024-01-31","2024Jan","23494"
"2024-02-29","2024Feb","23392"
"2024-03-31","2024Mar","26619"
"2024-04-30","2024Apr","28289"
"2024-05-31","2024May","28150"
"2024-06-30","2024Jun","31090"
"2024-07-31","2024Jul","37722"
"2024-08-31","2024Aug","27824"
"2024-09-30","2024Sep","31059"
"2024-10-31","2024Oct","34908"
"2024-11-30","2024Nov","34016"
"2024-12-31","2024Dec","38688"
"2025-01-31","2025Jan","42501"
