"DATE","TIME PERIOD","Loans vis-a-vis euro area households reported by MFIs excl. ESCB in the euro area (stocks) (BSI.M.U2.N.A.A20.A.1.U2.2250.EUR.E)"
"1997-09-30","1997Sep","2254940"
"1997-10-31","1997Oct","2270439"
"1997-11-30","1997Nov","2280250"
"1997-12-31","1997Dec","2301460"
"1998-01-31","1998Jan","2306093"
"1998-02-28","1998Feb","2314854"
"1998-03-31","1998Mar","2327054"
"1998-04-30","1998Apr","2348861"
"1998-05-31","1998May","2361488"
"1998-06-30","1998Jun","2382785"
"1998-07-31","1998Jul","2397448"
"1998-08-31","1998Aug","2405863"
"1998-09-30","1998Sep","2426942"
"1998-10-31","1998Oct","2444983"
"1998-11-30","1998Nov","2461857"
"1998-12-31","1998Dec","2488741"
"1999-01-31","1999Jan","2505939"
"1999-02-28","1999Feb","2509072"
"1999-03-31","1999Mar","2527444"
"1999-04-30","1999Apr","2541498"
"1999-05-31","1999May","2564227"
"1999-06-30","1999Jun","2596138"
"1999-07-31","1999Jul","2618869"
"1999-08-31","1999Aug","2629183"
"1999-09-30","1999Sep","2654106"
"1999-10-31","1999Oct","2674046"
"1999-11-30","1999Nov","2694180"
"1999-12-31","1999Dec","2715627"
"2000-01-31","2000Jan","2726627"
"2000-02-29","2000Feb","2738525"
"2000-03-31","2000Mar","2762458"
"2000-04-30","2000Apr","2779784"
"2000-05-31","2000May","2793312"
"2000-06-30","2000Jun","2814149"
"2000-07-31","2000Jul","2824671"
"2000-08-31","2000Aug","2832547"
"2000-09-30","2000Sep","2875792"
"2000-10-31","2000Oct","2897045"
"2000-11-30","2000Nov","2906756"
"2000-12-31","2000Dec","2926784"
"2001-01-31","2001Jan","2953125"
"2001-02-28","2001Feb","2957083"
"2001-03-31","2001Mar","2974567"
"2001-04-30","2001Apr","2994536"
"2001-05-31","2001May","3007431"
"2001-06-30","2001Jun","3023485"
"2001-07-31","2001Jul","3034646"
"2001-08-31","2001Aug","3039106"
"2001-09-30","2001Sep","3056594"
"2001-10-31","2001Oct","3076004"
"2001-11-30","2001Nov","3089360"
"2001-12-31","2001Dec","3095325"
"2002-01-31","2002Jan","3104878"
"2002-02-28","2002Feb","3109684"
"2002-03-31","2002Mar","3123588"
"2002-04-30","2002Apr","3148741"
"2002-05-31","2002May","3163830"
"2002-06-30","2002Jun","3186071"
"2002-07-31","2002Jul","3197871"
"2002-08-31","2002Aug","3211273"
"2002-09-30","2002Sep","3230990"
"2002-10-31","2002Oct","3243947"
"2002-11-30","2002Nov","3257874"
"2002-12-31","2002Dec","3274829"
"2003-01-31","2003Jan","3277584"
"2003-02-28","2003Feb","3292940"
"2003-03-31","2003Mar","3306549"
"2003-04-30","2003Apr","3320593"
"2003-05-31","2003May","3337834"
"2003-06-30","2003Jun","3360549"
"2003-07-31","2003Jul","3384081"
"2003-08-31","2003Aug","3394696"
"2003-09-30","2003Sep","3411555"
"2003-10-31","2003Oct","3429705"
"2003-11-30","2003Nov","3444886"
"2003-12-31","2003Dec","3467836"
"2004-01-31","2004Jan","3472869"
"2004-02-29","2004Feb","3486524"
"2004-03-31","2004Mar","3509823"
"2004-04-30","2004Apr","3533990"
"2004-05-31","2004May","3554016"
"2004-06-30","2004Jun","3599446"
"2004-07-31","2004Jul","3627039"
"2004-08-31","2004Aug","3643054"
"2004-09-30","2004Sep","3672130"
"2004-10-31","2004Oct","3693374"
"2004-11-30","2004Nov","3715613"
"2004-12-31","2004Dec","3743354"
"2005-01-31","2005Jan","3757492"
"2005-02-28","2005Feb","3772147"
"2005-03-31","2005Mar","3794597"
"2005-04-30","2005Apr","3821203"
"2005-05-31","2005May","3851687"
"2005-06-30","2005Jun","3930704"
"2005-07-31","2005Jul","3964655"
"2005-08-31","2005Aug","3987314"
"2005-09-30","2005Sep","4017705"
"2005-10-31","2005Oct","4056946"
"2005-11-30","2005Nov","4086818"
"2005-12-31","2005Dec","4114084"
"2006-01-31","2006Jan","4139620"
"2006-02-28","2006Feb","4157971"
"2006-03-31","2006Mar","4197960"
"2006-04-30","2006Apr","4226985"
"2006-05-31","2006May","4259672"
"2006-06-30","2006Jun","4302540"
"2006-07-31","2006Jul","4333031"
"2006-08-31","2006Aug","4346043"
"2006-09-30","2006Sep","4377818"
"2006-10-31","2006Oct","4397272"
"2006-11-30","2006Nov","4429116"
"2006-12-31","2006Dec","4453954"
"2007-01-31","2007Jan","4472202"
"2007-02-28","2007Feb","4493196"
"2007-03-31","2007Mar","4525395"
"2007-04-30","2007Apr","4542010"
"2007-05-31","2007May","4570185"
"2007-06-30","2007Jun","4604705"
"2007-07-31","2007Jul","4628739"
"2007-08-31","2007Aug","4642409"
"2007-09-30","2007Sep","4665188"
"2007-10-31","2007Oct","4685287"
"2007-11-30","2007Nov","4710106"
"2007-12-31","2007Dec","4723615"
"2008-01-31","2008Jan","4746799"
"2008-02-29","2008Feb","4763513"
"2008-03-31","2008Mar","4770768"
"2008-04-30","2008Apr","4780311"
"2008-05-31","2008May","4794669"
"2008-06-30","2008Jun","4797027"
"2008-07-31","2008Jul","4813324"
"2008-08-31","2008Aug","4819498"
"2008-09-30","2008Sep","4841524"
"2008-10-31","2008Oct","4833557"
"2008-11-30","2008Nov","4826126"
"2008-12-31","2008Dec","4798558"
"2009-01-31","2009Jan","4801367"
"2009-02-28","2009Feb","4796141"
"2009-03-31","2009Mar","4791152"
"2009-04-30","2009Apr","4786665"
"2009-05-31","2009May","4790871"
"2009-06-30","2009Jun","4813007"
"2009-07-31","2009Jul","4816589"
"2009-08-31","2009Aug","4814188"
"2009-09-30","2009Sep","4829276"
"2009-10-31","2009Oct","4835569"
"2009-11-30","2009Nov","4852920"
"2009-12-31","2009Dec","4868720"
"2010-01-31","2010Jan","4866160"
"2010-02-28","2010Feb","4870773"
"2010-03-31","2010Mar","4883339"
"2010-04-30","2010Apr","4891241"
"2010-05-31","2010May","4905596"
"2010-06-30","2010Jun","4990511"
"2010-07-31","2010Jul","4992116"
"2010-08-31","2010Aug","4999151"
"2010-09-30","2010Sep","5010734"
"2010-10-31","2010Oct","5028564"
"2010-11-30","2010Nov","5043634"
"2010-12-31","2010Dec","5059246"
"2011-01-31","2011Jan","5077891"
"2011-02-28","2011Feb","5080701"
"2011-03-31","2011Mar","5117758"
"2011-04-30","2011Apr","5125429"
"2011-05-31","2011May","5138362"
"2011-06-30","2011Jun","5160046"
"2011-07-31","2011Jul","5151226"
"2011-08-31","2011Aug","5155181"
"2011-09-30","2011Sep","5169457"
"2011-10-31","2011Oct","5128889"
"2011-11-30","2011Nov","5138523"
"2011-12-31","2011Dec","5137939"
"2012-01-31","2012Jan","5131223"
"2012-02-29","2012Feb","5123979"
"2012-03-31","2012Mar","5128192"
"2012-04-30","2012Apr","5130316"
"2012-05-31","2012May","5135122"
"2012-06-30","2012Jun","5153669"
"2012-07-31","2012Jul","5143863"
"2012-08-31","2012Aug","5142491"
"2012-09-30","2012Sep","5146906"
"2012-10-31","2012Oct","5147496"
"2012-11-30","2012Nov","5156827"
"2012-12-31","2012Dec","5157653"
"2013-01-31","2013Jan","5151828"
"2013-02-28","2013Feb","5147799"
"2013-03-31","2013Mar","5149868"
"2013-04-30","2013Apr","5149716"
"2013-05-31","2013May","5146330"
"2013-06-30","2013Jun","5156593"
"2013-07-31","2013Jul","5147360"
"2013-08-31","2013Aug","5143514"
"2013-09-30","2013Sep","5151799"
"2013-10-31","2013Oct","5149158"
"2013-11-30","2013Nov","5151743"
"2013-12-31","2013Dec","5147829"
"2014-01-31","2014Jan","5142776"
"2014-02-28","2014Feb","5139077"
"2014-03-31","2014Mar","5142931"
"2014-04-30","2014Apr","5146745"
"2014-05-31","2014May","5103217"
"2014-06-30","2014Jun","5115785"
"2014-07-31","2014Jul","5114173"
"2014-08-31","2014Aug","5110611"
"2014-09-30","2014Sep","5118172"
"2014-10-31","2014Oct","5121737"
"2014-11-30","2014Nov","5126111"
"2014-12-31","2014Dec","5133472"
"2015-01-31","2015Jan","5136287"
"2015-02-28","2015Feb","5130879"
"2015-03-31","2015Mar","5144203"
"2015-04-30","2015Apr","5147555"
"2015-05-31","2015May","5153688"
"2015-06-30","2015Jun","5182359"
"2015-07-31","2015Jul","5185350"
"2015-08-31","2015Aug","5190317"
"2015-09-30","2015Sep","5205490"
"2015-10-31","2015Oct","5229416"
"2015-11-30","2015Nov","5242176"
"2015-12-31","2015Dec","5238879"
"2016-01-31","2016Jan","5234510"
"2016-02-29","2016Feb","5245504"
"2016-03-31","2016Mar","5256558"
"2016-04-30","2016Apr","5263770"
"2016-05-31","2016May","5266840"
"2016-06-30","2016Jun","5279726"
"2016-07-31","2016Jul","5285403"
"2016-08-31","2016Aug","5293337"
"2016-09-30","2016Sep","5312463"
"2016-10-31","2016Oct","5320800"
"2016-11-30","2016Nov","5344935"
"2016-12-31","2016Dec","5382913"
"2017-01-31","2017Jan","5383497"
"2017-02-28","2017Feb","5398767"
"2017-03-31","2017Mar","5417123"
"2017-04-30","2017Apr","5427751"
"2017-05-31","2017May","5434846"
"2017-06-30","2017Jun","5461836"
"2017-07-31","2017Jul","5462356"
"2017-08-31","2017Aug","5480557"
"2017-09-30","2017Sep","5499400"
"2017-10-31","2017Oct","5512107"
"2017-11-30","2017Nov","5533422"
"2017-12-31","2017Dec","5545845"
"2018-01-31","2018Jan","5540773"
"2018-02-28","2018Feb","5544516"
"2018-03-31","2018Mar","5566711"
"2018-04-30","2018Apr","5580462"
"2018-05-31","2018May","5585472"
"2018-06-30","2018Jun","5609590"
"2018-07-31","2018Jul","5626163"
"2018-08-31","2018Aug","5637960"
"2018-09-30","2018Sep","5650263"
"2018-10-31","2018Oct","5666269"
"2018-11-30","2018Nov","5686863"
"2018-12-31","2018Dec","5692209"
"2019-01-31","2019Jan","5697829"
"2019-02-28","2019Feb","5701948"
"2019-03-31","2019Mar","5722189"
"2019-04-30","2019Apr","5737125"
"2019-05-31","2019May","5744687"
"2019-06-30","2019Jun","5777265"
"2019-07-31","2019Jul","5796471"
"2019-08-31","2019Aug","5811183"
"2019-09-30","2019Sep","5828950"
"2019-10-31","2019Oct","5848246"
"2019-11-30","2019Nov","5871442"
"2019-12-31","2019Dec","5885971"
"2020-01-31","2020Jan","5901898"
"2020-02-29","2020Feb","5914753"
"2020-03-31","2020Mar","5908134"
"2020-04-30","2020Apr","5899598"
"2020-05-31","2020May","5922496"
"2020-06-30","2020Jun","5953309"
"2020-07-31","2020Jul","5975486"
"2020-08-31","2020Aug","5985946"
"2020-09-30","2020Sep","6025468"
"2020-10-31","2020Oct","6050013"
"2020-11-30","2020Nov","6073930"
"2020-12-31","2020Dec","6095428"
"2021-01-31","2021Jan","6100373"
"2021-02-28","2021Feb","6111744"
"2021-03-31","2021Mar","6139828"
"2021-04-30","2021Apr","6153053"
"2021-05-31","2021May","6178649"
"2021-06-30","2021Jun","6220471"
"2021-07-31","2021Jul","6243831"
"2021-08-31","2021Aug","6257674"
"2021-09-30","2021Sep","6281328"
"2021-10-31","2021Oct","6304065"
"2021-11-30","2021Nov","6338503"
"2021-12-31","2021Dec","6340692"
"2022-01-31","2022Jan","6381750"
"2022-02-28","2022Feb","6391053"
"2022-03-31","2022Mar","6421692"
"2022-04-30","2022Apr","6438652"
"2022-05-31","2022May","6473416"
"2022-06-30","2022Jun","6521854"
"2022-07-31","2022Jul","6544937"
"2022-08-31","2022Aug","6558224"
"2022-09-30","2022Sep","6579145"
"2022-10-31","2022Oct","6591569"
"2022-11-30","2022Nov","6608371"
"2022-12-31","2022Dec","6602948"
"2023-01-31","2023Jan","6613363"
"2023-02-28","2023Feb","6610995"
"2023-03-31","2023Mar","6620303"
"2023-04-30","2023Apr","6617398"
"2023-05-31","2023May","6587208"
"2023-06-30","2023Jun","6608101"
"2023-07-31","2023Jul","6603545"
"2023-08-31","2023Aug","6600630"
"2023-09-30","2023Sep","6606012"
"2023-10-31","2023Oct","6617499"
"2023-11-30","2023Nov","6635652"
"2023-12-31","2023Dec","6620819"
"2024-01-31","2024Jan","6592585"
"2024-02-29","2024Feb","6589085"
"2024-03-31","2024Mar","6597971"
"2024-04-30","2024Apr","6597620"
"2024-05-31","2024May","6598141"
"2024-06-30","2024Jun","6616838"
"2024-07-31","2024Jul","6619617"
"2024-08-31","2024Aug","6621587"
"2024-09-30","2024Sep","6633509"
"2024-10-31","2024Oct","6636891"
"2024-11-30","2024Nov","6657755"
"2024-12-31","2024Dec","6655467"
"2025-01-31","2025Jan","6657838"
"2025-02-28","2025Feb","6664775"
