"DATE","TIME PERIOD","Bank business volumes - loans to corporations of up to EUR 0.25M (new business) - euro area (MIR.M.U2.B.A2A.A.B.2.2240.EUR.N)"
"2003-01-31","2003Jan"
"2003-02-28","2003Feb"
"2003-03-31","2003Mar"
"2003-04-30","2003Apr"
"2003-05-31","2003May"
"2003-06-30","2003Jun"
"2003-07-31","2003Jul"
"2003-08-31","2003Aug"
"2003-09-30","2003Sep"
"2003-10-31","2003Oct"
"2003-11-30","2003Nov"
"2003-12-31","2003Dec"
"2004-01-31","2004Jan"
"2004-02-29","2004Feb"
"2004-03-31","2004Mar"
"2004-04-30","2004Apr"
"2004-05-31","2004May"
"2004-06-30","2004Jun"
"2004-07-31","2004Jul"
"2004-08-31","2004Aug"
"2004-09-30","2004Sep"
"2004-10-31","2004Oct"
"2004-11-30","2004Nov"
"2004-12-31","2004Dec"
"2005-01-31","2005Jan"
"2005-02-28","2005Feb"
"2005-03-31","2005Mar"
"2005-04-30","2005Apr"
"2005-05-31","2005May"
"2005-06-30","2005Jun"
"2005-07-31","2005Jul"
"2005-08-31","2005Aug"
"2005-09-30","2005Sep"
"2005-10-31","2005Oct"
"2005-11-30","2005Nov"
"2005-12-31","2005Dec"
"2006-01-31","2006Jan"
"2006-02-28","2006Feb"
"2006-03-31","2006Mar"
"2006-04-30","2006Apr"
"2006-05-31","2006May"
"2006-06-30","2006Jun"
"2006-07-31","2006Jul"
"2006-08-31","2006Aug"
"2006-09-30","2006Sep"
"2006-10-31","2006Oct"
"2006-11-30","2006Nov"
"2006-12-31","2006Dec"
"2007-01-31","2007Jan"
"2007-02-28","2007Feb"
"2007-03-31","2007Mar"
"2007-04-30","2007Apr"
"2007-05-31","2007May"
"2007-06-30","2007Jun"
"2007-07-31","2007Jul"
"2007-08-31","2007Aug"
"2007-09-30","2007Sep"
"2007-10-31","2007Oct"
"2007-11-30","2007Nov"
"2007-12-31","2007Dec"
"2008-01-31","2008Jan"
"2008-02-29","2008Feb"
"2008-03-31","2008Mar"
"2008-04-30","2008Apr"
"2008-05-31","2008May"
"2008-06-30","2008Jun"
"2008-07-31","2008Jul"
"2008-08-31","2008Aug"
"2008-09-30","2008Sep"
"2008-10-31","2008Oct"
"2008-11-30","2008Nov"
"2008-12-31","2008Dec"
"2009-01-31","2009Jan"
"2009-02-28","2009Feb"
"2009-03-31","2009Mar"
"2009-04-30","2009Apr"
"2009-05-31","2009May"
"2009-06-30","2009Jun"
"2009-07-31","2009Jul"
"2009-08-31","2009Aug"
"2009-09-30","2009Sep"
"2009-10-31","2009Oct"
"2009-11-30","2009Nov"
"2009-12-31","2009Dec"
"2010-01-31","2010Jan"
"2010-02-28","2010Feb"
"2010-03-31","2010Mar"
"2010-04-30","2010Apr"
"2010-05-31","2010May"
"2010-06-30","2010Jun","34143"
"2010-07-31","2010Jul","34820"
"2010-08-31","2010Aug","25288"
"2010-09-30","2010Sep","31578"
"2010-10-31","2010Oct","32023"
"2010-11-30","2010Nov","31789"
"2010-12-31","2010Dec","37764"
"2011-01-31","2011Jan","30983"
"2011-02-28","2011Feb","29901"
"2011-03-31","2011Mar","35111"
"2011-04-30","2011Apr","31424"
"2011-05-31","2011May","33049"
"2011-06-30","2011Jun","32849"
"2011-07-31","2011Jul","33506"
"2011-08-31","2011Aug","26283"
"2011-09-30","2011Sep","32094"
"2011-10-31","2011Oct","31613"
"2011-11-30","2011Nov","30697"
"2011-12-31","2011Dec","34172"
"2012-01-31","2012Jan","30190"
"2012-02-29","2012Feb","29143"
"2012-03-31","2012Mar","32226"
"2012-04-30","2012Apr","30147"
"2012-05-31","2012May","30638"
"2012-06-30","2012Jun","30783"
"2012-07-31","2012Jul","31988"
"2012-08-31","2012Aug","24238"
"2012-09-30","2012Sep","27267"
"2012-10-31","2012Oct","30735"
"2012-11-30","2012Nov","28020"
"2012-12-31","2012Dec","29430"
"2013-01-31","2013Jan","28104"
"2013-02-28","2013Feb","25898"
"2013-03-31","2013Mar","28559"
"2013-04-30","2013Apr","29413"
"2013-05-31","2013May","28465"
"2013-06-30","2013Jun","28360"
"2013-07-31","2013Jul","31101"
"2013-08-31","2013Aug","22182"
"2013-09-30","2013Sep","26947"
"2013-10-31","2013Oct","29842"
"2013-11-30","2013Nov","27044"
"2013-12-31","2013Dec","30745"
"2014-01-31","2014Jan","28089"
"2014-02-28","2014Feb","26303"
"2014-03-31","2014Mar","29150"
"2014-04-30","2014Apr","29193"
"2014-05-31","2014May","27576"
"2014-06-30","2014Jun","29056"
"2014-07-31","2014Jul","32520"
"2014-08-31","2014Aug","21778"
"2014-09-30","2014Sep","28967"
"2014-10-31","2014Oct","31345"
"2014-11-30","2014Nov","27896"
"2014-12-31","2014Dec","33699"
"2015-01-31","2015Jan","29733"
"2015-02-28","2015Feb","28719"
"2015-03-31","2015Mar","33660"
"2015-04-30","2015Apr","31816"
"2015-05-31","2015May","30403"
"2015-06-30","2015Jun","34091"
"2015-07-31","2015Jul","36208"
"2015-08-31","2015Aug","24901"
"2015-09-30","2015Sep","32415"
"2015-10-31","2015Oct","33959"
"2015-11-30","2015Nov","32170"
"2015-12-31","2015Dec","36328"
"2016-01-31","2016Jan","30299"
"2016-02-29","2016Feb","31874"
"2016-03-31","2016Mar","35100"
"2016-04-30","2016Apr","34470"
"2016-05-31","2016May","33316"
"2016-06-30","2016Jun","36081"
"2016-07-31","2016Jul","34450"
"2016-08-31","2016Aug","27368"
"2016-09-30","2016Sep","33404"
"2016-10-31","2016Oct","33735"
"2016-11-30","2016Nov","34582"
"2016-12-31","2016Dec","37718"
"2017-01-31","2017Jan","33227"
"2017-02-28","2017Feb","32351"
"2017-03-31","2017Mar","38624"
"2017-04-30","2017Apr","33129"
"2017-05-31","2017May","36238"
"2017-06-30","2017Jun","38877"
"2017-07-31","2017Jul","37584"
"2017-08-31","2017Aug","28629"
"2017-09-30","2017Sep","34376"
"2017-10-31","2017Oct","36374"
"2017-11-30","2017Nov","36333"
"2017-12-31","2017Dec","39062"
"2018-01-31","2018Jan","35753"
"2018-02-28","2018Feb","33925"
"2018-03-31","2018Mar","37172"
"2018-04-30","2018Apr","35919"
"2018-05-31","2018May","36522"
"2018-06-30","2018Jun","40114"
"2018-07-31","2018Jul","40045"
"2018-08-31","2018Aug","30027"
"2018-09-30","2018Sep","35885"
"2018-10-31","2018Oct","40606"
"2018-11-30","2018Nov","37322"
"2018-12-31","2018Dec","38837"
"2019-01-31","2019Jan","37288"
"2019-02-28","2019Feb","35038"
"2019-03-31","2019Mar","38468"
"2019-04-30","2019Apr","38363"
"2019-05-31","2019May","37399"
"2019-06-30","2019Jun","37319"
"2019-07-31","2019Jul","41368"
"2019-08-31","2019Aug","28757"
"2019-09-30","2019Sep","36225"
"2019-10-31","2019Oct","40634"
"2019-11-30","2019Nov","36828"
"2019-12-31","2019Dec","40464"
"2020-01-31","2020Jan","36855"
"2020-02-29","2020Feb","34668"
"2020-03-31","2020Mar","39287"
"2020-04-30","2020Apr","50116"
"2020-05-31","2020May","48724"
"2020-06-30","2020Jun","44653"
"2020-07-31","2020Jul","41641"
"2020-08-31","2020Aug","27426"
"2020-09-30","2020Sep","35626"
"2020-10-31","2020Oct","35456"
"2020-11-30","2020Nov","36346"
"2020-12-31","2020Dec","40651"
"2021-01-31","2021Jan","32277"
"2021-02-28","2021Feb","32713"
"2021-03-31","2021Mar","38894"
"2021-04-30","2021Apr","35788"
"2021-05-31","2021May","32472"
"2021-06-30","2021Jun","37001"
"2021-07-31","2021Jul","34349"
"2021-08-31","2021Aug","24719"
"2021-09-30","2021Sep","31410"
"2021-10-31","2021Oct","32943"
"2021-11-30","2021Nov","33124"
"2021-12-31","2021Dec","38889"
"2022-01-31","2022Jan","31787"
"2022-02-28","2022Feb","32359"
"2022-03-31","2022Mar","37502"
"2022-04-30","2022Apr","34934"
"2022-05-31","2022May","36042"
"2022-06-30","2022Jun","38560"
"2022-07-31","2022Jul","36338"
"2022-08-31","2022Aug","29907"
"2022-09-30","2022Sep","36400"
"2022-10-31","2022Oct","37388"
"2022-11-30","2022Nov","37378"
"2022-12-31","2022Dec","43010"
"2023-01-31","2023Jan","36702"
"2023-02-28","2023Feb","35447"
"2023-03-31","2023Mar","43334"
"2023-04-30","2023Apr","38433"
"2023-05-31","2023May","40430"
"2023-06-30","2023Jun","45135"
"2023-07-31","2023Jul","40990"
"2023-08-31","2023Aug","34354"
"2023-09-30","2023Sep","38852"
"2023-10-31","2023Oct","41799"
"2023-11-30","2023Nov","41072"
"2023-12-31","2023Dec","45480"
"2024-01-31","2024Jan","40330"
"2024-02-29","2024Feb","39407"
"2024-03-31","2024Mar","43073"
"2024-04-30","2024Apr","43871"
"2024-05-31","2024May","43803"
"2024-06-30","2024Jun","46385"
"2024-07-31","2024Jul","47742"
"2024-08-31","2024Aug","34274"
"2024-09-30","2024Sep","42080"
"2024-10-31","2024Oct","48391"
"2024-11-30","2024Nov","43501"
"2024-12-31","2024Dec","50535"
"2025-01-31","2025Jan","42182"
