"DATE","TIME PERIOD","Bank business volumes - loans to households for consumption (new business) - euro area (MIR.M.U2.B.A2B.A.B.A.2250.EUR.N)"
"2003-01-31","2003Jan","20663"
"2003-02-28","2003Feb","20681"
"2003-03-31","2003Mar","23435"
"2003-04-30","2003Apr","22700"
"2003-05-31","2003May","21115"
"2003-06-30","2003Jun","22028"
"2003-07-31","2003Jul","25141"
"2003-08-31","2003Aug","18355"
"2003-09-30","2003Sep","23264"
"2003-10-31","2003Oct","23065"
"2003-11-30","2003Nov","22064"
"2003-12-31","2003Dec","20776"
"2004-01-31","2004Jan","19528"
"2004-02-29","2004Feb","21049"
"2004-03-31","2004Mar","24602"
"2004-04-30","2004Apr","24287"
"2004-05-31","2004May","21044"
"2004-06-30","2004Jun","23518"
"2004-07-31","2004Jul","22826"
"2004-08-31","2004Aug","18454"
"2004-09-30","2004Sep","20522"
"2004-10-31","2004Oct","20837"
"2004-11-30","2004Nov","20415"
"2004-12-31","2004Dec","21037"
"2005-01-31","2005Jan","19237"
"2005-02-28","2005Feb","20239"
"2005-03-31","2005Mar","22437"
"2005-04-30","2005Apr","23802"
"2005-05-31","2005May","21886"
"2005-06-30","2005Jun","24444"
"2005-07-31","2005Jul","23464"
"2005-08-31","2005Aug","19069"
"2005-09-30","2005Sep","22253"
"2005-10-31","2005Oct","21959"
"2005-11-30","2005Nov","21956"
"2005-12-31","2005Dec","22239"
"2006-01-31","2006Jan","21357"
"2006-02-28","2006Feb","21729"
"2006-03-31","2006Mar","26964"
"2006-04-30","2006Apr","24605"
"2006-05-31","2006May","27593"
"2006-06-30","2006Jun","25704"
"2006-07-31","2006Jul","24912"
"2006-08-31","2006Aug","20882"
"2006-09-30","2006Sep","22668"
"2006-10-31","2006Oct","27493"
"2006-11-30","2006Nov","24768"
"2006-12-31","2006Dec","23163"
"2007-01-31","2007Jan","22075"
"2007-02-28","2007Feb","20949"
"2007-03-31","2007Mar","27241"
"2007-04-30","2007Apr","24446"
"2007-05-31","2007May","25401"
"2007-06-30","2007Jun","25650"
"2007-07-31","2007Jul","26617"
"2007-08-31","2007Aug","20636"
"2007-09-30","2007Sep","21182"
"2007-10-31","2007Oct","24416"
"2007-11-30","2007Nov","21944"
"2007-12-31","2007Dec","19412"
"2008-01-31","2008Jan","21075"
"2008-02-29","2008Feb","20158"
"2008-03-31","2008Mar","19454"
"2008-04-30","2008Apr","22268"
"2008-05-31","2008May","20017"
"2008-06-30","2008Jun","20477"
"2008-07-31","2008Jul","21361"
"2008-08-31","2008Aug","15355"
"2008-09-30","2008Sep","17901"
"2008-10-31","2008Oct","19283"
"2008-11-30","2008Nov","16062"
"2008-12-31","2008Dec","16172"
"2009-01-31","2009Jan","15652"
"2009-02-28","2009Feb","16808"
"2009-03-31","2009Mar","19979"
"2009-04-30","2009Apr","19265"
"2009-05-31","2009May","17548"
"2009-06-30","2009Jun","19860"
"2009-07-31","2009Jul","19394"
"2009-08-31","2009Aug","14571"
"2009-09-30","2009Sep","16499"
"2009-10-31","2009Oct","18271"
"2009-11-30","2009Nov","17231"
"2009-12-31","2009Dec","17646"
"2010-01-31","2010Jan","15286"
"2010-02-28","2010Feb","16428"
"2010-03-31","2010Mar","20172"
"2010-04-30","2010Apr","18761"
"2010-05-31","2010May","16929"
"2010-06-30","2010Jun","18509"
"2010-07-31","2010Jul","17386"
"2010-08-31","2010Aug","14292"
"2010-09-30","2010Sep","15887"
"2010-10-31","2010Oct","16124"
"2010-11-30","2010Nov","15725"
"2010-12-31","2010Dec","15221"
"2011-01-31","2011Jan","15145"
"2011-02-28","2011Feb","16217"
"2011-03-31","2011Mar","19183"
"2011-04-30","2011Apr","17641"
"2011-05-31","2011May","18073"
"2011-06-30","2011Jun","17055"
"2011-07-31","2011Jul","17083"
"2011-08-31","2011Aug","15114"
"2011-09-30","2011Sep","16894"
"2011-10-31","2011Oct","17192"
"2011-11-30","2011Nov","15911"
"2011-12-31","2011Dec","14612"
"2012-01-31","2012Jan","14810"
"2012-02-29","2012Feb","15004"
"2012-03-31","2012Mar","18193"
"2012-04-30","2012Apr","16709"
"2012-05-31","2012May","16448"
"2012-06-30","2012Jun","16471"
"2012-07-31","2012Jul","17045"
"2012-08-31","2012Aug","14053"
"2012-09-30","2012Sep","13647"
"2012-10-31","2012Oct","16075"
"2012-11-30","2012Nov","14349"
"2012-12-31","2012Dec","11997"
"2013-01-31","2013Jan","14421"
"2013-02-28","2013Feb","13620"
"2013-03-31","2013Mar","15098"
"2013-04-30","2013Apr","16486"
"2013-05-31","2013May","15316"
"2013-06-30","2013Jun","16153"
"2013-07-31","2013Jul","17354"
"2013-08-31","2013Aug","13484"
"2013-09-30","2013Sep","14089"
"2013-10-31","2013Oct","15937"
"2013-11-30","2013Nov","13354"
"2013-12-31","2013Dec","12996"
"2014-01-31","2014Jan","14710"
"2014-02-28","2014Feb","14450"
"2014-03-31","2014Mar","16116"
"2014-04-30","2014Apr","16598"
"2014-05-31","2014May","16000"
"2014-06-30","2014Jun","16060"
"2014-07-31","2014Jul","17412"
"2014-08-31","2014Aug","12978"
"2014-09-30","2014Sep","15140"
"2014-10-31","2014Oct","16949"
"2014-11-30","2014Nov","13995"
"2014-12-31","2014Dec","13568"
"2015-01-31","2015Jan","14918"
"2015-02-28","2015Feb","16175"
"2015-03-31","2015Mar","18932"
"2015-04-30","2015Apr","18816"
"2015-05-31","2015May","16563"
"2015-06-30","2015Jun","19298"
"2015-07-31","2015Jul","20728"
"2015-08-31","2015Aug","15313"
"2015-09-30","2015Sep","17558"
"2015-10-31","2015Oct","18885"
"2015-11-30","2015Nov","16756"
"2015-12-31","2015Dec","16425"
"2016-01-31","2016Jan","16123"
"2016-02-29","2016Feb","18926"
"2016-03-31","2016Mar","20771"
"2016-04-30","2016Apr","21033"
"2016-05-31","2016May","20212"
"2016-06-30","2016Jun","22187"
"2016-07-31","2016Jul","20475"
"2016-08-31","2016Aug","17762"
"2016-09-30","2016Sep","19645"
"2016-10-31","2016Oct","20303"
"2016-11-30","2016Nov","19813"
"2016-12-31","2016Dec","18138"
"2017-01-31","2017Jan","19910"
"2017-02-28","2017Feb","20149"
"2017-03-31","2017Mar","24569"
"2017-04-30","2017Apr","20469"
"2017-05-31","2017May","23009"
"2017-06-30","2017Jun","23429"
"2017-07-31","2017Jul","22740"
"2017-08-31","2017Aug","19931"
"2017-09-30","2017Sep","21283"
"2017-10-31","2017Oct","22875"
"2017-11-30","2017Nov","22615"
"2017-12-31","2017Dec","19494"
"2018-01-31","2018Jan","22340"
"2018-02-28","2018Feb","22173"
"2018-03-31","2018Mar","25163"
"2018-04-30","2018Apr","24372"
"2018-05-31","2018May","24641"
"2018-06-30","2018Jun","25396"
"2018-07-31","2018Jul","25235"
"2018-08-31","2018Aug","21704"
"2018-09-30","2018Sep","21896"
"2018-10-31","2018Oct","25412"
"2018-11-30","2018Nov","24032"
"2018-12-31","2018Dec","19749"
"2019-01-31","2019Jan","24147"
"2019-02-28","2019Feb","23982"
"2019-03-31","2019Mar","26000"
"2019-04-30","2019Apr","25255"
"2019-05-31","2019May","25807"
"2019-06-30","2019Jun","23677"
"2019-07-31","2019Jul","27916"
"2019-08-31","2019Aug","21716"
"2019-09-30","2019Sep","23831"
"2019-10-31","2019Oct","26849"
"2019-11-30","2019Nov","24503"
"2019-12-31","2019Dec","21900"
"2020-01-31","2020Jan","25220"
"2020-02-29","2020Feb","24890"
"2020-03-31","2020Mar","21073"
"2020-04-30","2020Apr","14829"
"2020-05-31","2020May","17733"
"2020-06-30","2020Jun","24665"
"2020-07-31","2020Jul","26758"
"2020-08-31","2020Aug","20020"
"2020-09-30","2020Sep","22984"
"2020-10-31","2020Oct","23045"
"2020-11-30","2020Nov","21491"
"2020-12-31","2020Dec","20094"
"2021-01-31","2021Jan","19463"
"2021-02-28","2021Feb","21155"
"2021-03-31","2021Mar","26012"
"2021-04-30","2021Apr","22723"
"2021-05-31","2021May","22055"
"2021-06-30","2021Jun","25489"
"2021-07-31","2021Jul","24549"
"2021-08-31","2021Aug","20234"
"2021-09-30","2021Sep","23265"
"2021-10-31","2021Oct","23527"
"2021-11-30","2021Nov","23349"
"2021-12-31","2021Dec","20574"
"2022-01-31","2022Jan","22057"
"2022-02-28","2022Feb","23398"
"2022-03-31","2022Mar","27438"
"2022-04-30","2022Apr","23212"
"2022-05-31","2022May","26546"
"2022-06-30","2022Jun","26864"
"2022-07-31","2022Jul","24666"
"2022-08-31","2022Aug","22116"
"2022-09-30","2022Sep","24513"
"2022-10-31","2022Oct","23075"
"2022-11-30","2022Nov","23206"
"2022-12-31","2022Dec","20848"
"2023-01-31","2023Jan","22560"
"2023-02-28","2023Feb","22290"
"2023-03-31","2023Mar","26484"
"2023-04-30","2023Apr","21400"
"2023-05-31","2023May","24490"
"2023-06-30","2023Jun","28342"
"2023-07-31","2023Jul","24342"
"2023-08-31","2023Aug","22037"
"2023-09-30","2023Sep","23529"
"2023-10-31","2023Oct","25261"
"2023-11-30","2023Nov","24548"
"2023-12-31","2023Dec","20129"
"2024-01-31","2024Jan","23737"
"2024-02-29","2024Feb","24865"
"2024-03-31","2024Mar","25133"
"2024-04-30","2024Apr","26079"
"2024-05-31","2024May","25227"
"2024-06-30","2024Jun","25915"
"2024-07-31","2024Jul","28389"
"2024-08-31","2024Aug","21571"
"2024-09-30","2024Sep","24398"
"2024-10-31","2024Oct","26512"
"2024-11-30","2024Nov","24408"
"2024-12-31","2024Dec","21800"
"2025-01-31","2025Jan","24347"
