"DATE","TIME PERIOD","Bank business volumes - revolving loans & overdrafts, convenience & extended credit card credit to households - euro area (MIR.M.U2.B.A2Z.A.B.A.2250.EUR.N)"
"2003-01-31","2003Jan","182619"
"2003-02-28","2003Feb","180849"
"2003-03-31","2003Mar","181687"
"2003-04-30","2003Apr","179493"
"2003-05-31","2003May","176831"
"2003-06-30","2003Jun","181170"
"2003-07-31","2003Jul","177321"
"2003-08-31","2003Aug","175553"
"2003-09-30","2003Sep","179236"
"2003-10-31","2003Oct","177068"
"2003-11-30","2003Nov","173447"
"2003-12-31","2003Dec","178126"
"2004-01-31","2004Jan","175344"
"2004-02-29","2004Feb","171361"
"2004-03-31","2004Mar","172932"
"2004-04-30","2004Apr","172035"
"2004-05-31","2004May","169500"
"2004-06-30","2004Jun","176837"
"2004-07-31","2004Jul","173972"
"2004-08-31","2004Aug","173965"
"2004-09-30","2004Sep","177013"
"2004-10-31","2004Oct","174768"
"2004-11-30","2004Nov","174070"
"2004-12-31","2004Dec","176044"
"2005-01-31","2005Jan","175561"
"2005-02-28","2005Feb","174836"
"2005-03-31","2005Mar","175958"
"2005-04-30","2005Apr","172127"
"2005-05-31","2005May","171784"
"2005-06-30","2005Jun","174685"
"2005-07-31","2005Jul","172529"
"2005-08-31","2005Aug","175539"
"2005-09-30","2005Sep","178583"
"2005-10-31","2005Oct","179010"
"2005-11-30","2005Nov","178275"
"2005-12-31","2005Dec","180135"
"2006-01-31","2006Jan","179572"
"2006-02-28","2006Feb","179012"
"2006-03-31","2006Mar","179844"
"2006-04-30","2006Apr","178238"
"2006-05-31","2006May","177942"
"2006-06-30","2006Jun","180233"
"2006-07-31","2006Jul","179583"
"2006-08-31","2006Aug","178639"
"2006-09-30","2006Sep","180774"
"2006-10-31","2006Oct","180953"
"2006-11-30","2006Nov","179425"
"2006-12-31","2006Dec","192689"
"2007-01-31","2007Jan","181115"
"2007-02-28","2007Feb","179532"
"2007-03-31","2007Mar","190771"
"2007-04-30","2007Apr","190830"
"2007-05-31","2007May","190652"
"2007-06-30","2007Jun","192874"
"2007-07-31","2007Jul","182263"
"2007-08-31","2007Aug","182168"
"2007-09-30","2007Sep","183225"
"2007-10-31","2007Oct","185647"
"2007-11-30","2007Nov","183401"
"2007-12-31","2007Dec","192918"
"2008-01-31","2008Jan","193557"
"2008-02-29","2008Feb","190135"
"2008-03-31","2008Mar","195327"
"2008-04-30","2008Apr","191575"
"2008-05-31","2008May","189458"
"2008-06-30","2008Jun","197643"
"2008-07-31","2008Jul","199584"
"2008-08-31","2008Aug","198174"
"2008-09-30","2008Sep","198662"
"2008-10-31","2008Oct","195812"
"2008-11-30","2008Nov","192177"
"2008-12-31","2008Dec","194525"
"2009-01-31","2009Jan","192567"
"2009-02-28","2009Feb","189237"
"2009-03-31","2009Mar","192262"
"2009-04-30","2009Apr","188997"
"2009-05-31","2009May","186203"
"2009-06-30","2009Jun","190252"
"2009-07-31","2009Jul","186247"
"2009-08-31","2009Aug","183863"
"2009-09-30","2009Sep","186409"
"2009-10-31","2009Oct","183115"
"2009-11-30","2009Nov","182800"
"2009-12-31","2009Dec","186097"
"2010-01-31","2010Jan","183633"
"2010-02-28","2010Feb","181119"
"2010-03-31","2010Mar","182264"
"2010-04-30","2010Apr","179524"
"2010-05-31","2010May","180010"
"2010-06-30","2010Jun","242602"
"2010-07-31","2010Jul","242781"
"2010-08-31","2010Aug","242683"
"2010-09-30","2010Sep","242908"
"2010-10-31","2010Oct","241191"
"2010-11-30","2010Nov","244306"
"2010-12-31","2010Dec","244439"
"2011-01-31","2011Jan","245139"
"2011-02-28","2011Feb","242429"
"2011-03-31","2011Mar","246200"
"2011-04-30","2011Apr","254146"
"2011-05-31","2011May","241400"
"2011-06-30","2011Jun","244728"
"2011-07-31","2011Jul","240373"
"2011-08-31","2011Aug","241479"
"2011-09-30","2011Sep","242984"
"2011-10-31","2011Oct","243637"
"2011-11-30","2011Nov","242407"
"2011-12-31","2011Dec","242801"
"2012-01-31","2012Jan","243496"
"2012-02-29","2012Feb","240122"
"2012-03-31","2012Mar","239367"
"2012-04-30","2012Apr","238770"
"2012-05-31","2012May","239946"
"2012-06-30","2012Jun","238812"
"2012-07-31","2012Jul","237159"
"2012-08-31","2012Aug","234591"
"2012-09-30","2012Sep","235438"
"2012-10-31","2012Oct","234822"
"2012-11-30","2012Nov","233425"
"2012-12-31","2012Dec","235909"
"2013-01-31","2013Jan","233584"
"2013-02-28","2013Feb","230128"
"2013-03-31","2013Mar","229489"
"2013-04-30","2013Apr","230123"
"2013-05-31","2013May","229005"
"2013-06-30","2013Jun","229355"
"2013-07-31","2013Jul","229830"
"2013-08-31","2013Aug","226741"
"2013-09-30","2013Sep","230488"
"2013-10-31","2013Oct","226345"
"2013-11-30","2013Nov","223148"
"2013-12-31","2013Dec","228022"
"2014-01-31","2014Jan","223450"
"2014-02-28","2014Feb","219476"
"2014-03-31","2014Mar","222545"
"2014-04-30","2014Apr","220783"
"2014-05-31","2014May","219906"
"2014-06-30","2014Jun","221036"
"2014-07-31","2014Jul","217336"
"2014-08-31","2014Aug","212777"
"2014-09-30","2014Sep","217043"
"2014-10-31","2014Oct","213136"
"2014-11-30","2014Nov","210028"
"2014-12-31","2014Dec","215312"
"2015-01-31","2015Jan","211387"
"2015-02-28","2015Feb","206169"
"2015-03-31","2015Mar","209683"
"2015-04-30","2015Apr","207261"
"2015-05-31","2015May","205208"
"2015-06-30","2015Jun","209716"
"2015-07-31","2015Jul","207749"
"2015-08-31","2015Aug","207578"
"2015-09-30","2015Sep","207771"
"2015-10-31","2015Oct","206816"
"2015-11-30","2015Nov","208052"
"2015-12-31","2015Dec","209352"
"2016-01-31","2016Jan","206104"
"2016-02-29","2016Feb","205915"
"2016-03-31","2016Mar","205933"
"2016-04-30","2016Apr","202540"
"2016-05-31","2016May","203874"
"2016-06-30","2016Jun","204498"
"2016-07-31","2016Jul","201675"
"2016-08-31","2016Aug","202753"
"2016-09-30","2016Sep","203500"
"2016-10-31","2016Oct","203659"
"2016-11-30","2016Nov","203617"
"2016-12-31","2016Dec","203950"
"2017-01-31","2017Jan","203254"
"2017-02-28","2017Feb","200346"
"2017-03-31","2017Mar","200999"
"2017-04-30","2017Apr","198764"
"2017-05-31","2017May","201772"
"2017-06-30","2017Jun","201493"
"2017-07-31","2017Jul","199944"
"2017-08-31","2017Aug","198050"
"2017-09-30","2017Sep","197784"
"2017-10-31","2017Oct","198122"
"2017-11-30","2017Nov","199304"
"2017-12-31","2017Dec","199883"
"2018-01-31","2018Jan","198557"
"2018-02-28","2018Feb","195555"
"2018-03-31","2018Mar","194296"
"2018-04-30","2018Apr","195754"
"2018-05-31","2018May","196208"
"2018-06-30","2018Jun","195770"
"2018-07-31","2018Jul","197901"
"2018-08-31","2018Aug","196588"
"2018-09-30","2018Sep","196534"
"2018-10-31","2018Oct","197844"
"2018-11-30","2018Nov","199595"
"2018-12-31","2018Dec","201074"
"2019-01-31","2019Jan","198303"
"2019-02-28","2019Feb","194897"
"2019-03-31","2019Mar","194900"
"2019-04-30","2019Apr","197045"
"2019-05-31","2019May","196129"
"2019-06-30","2019Jun","197318"
"2019-07-31","2019Jul","201174"
"2019-08-31","2019Aug","198645"
"2019-09-30","2019Sep","201736"
"2019-10-31","2019Oct","200007"
"2019-11-30","2019Nov","198911"
"2019-12-31","2019Dec","204953"
"2020-01-31","2020Jan","199300"
"2020-02-29","2020Feb","194404"
"2020-03-31","2020Mar","190936"
"2020-04-30","2020Apr","179795"
"2020-05-31","2020May","176579"
"2020-06-30","2020Jun","184117"
"2020-07-31","2020Jul","182895"
"2020-08-31","2020Aug","183663"
"2020-09-30","2020Sep","183871"
"2020-10-31","2020Oct","180806"
"2020-11-30","2020Nov","180488"
"2020-12-31","2020Dec","182919"
"2021-01-31","2021Jan","176183"
"2021-02-28","2021Feb","174154"
"2021-03-31","2021Mar","176479"
"2021-04-30","2021Apr","175013"
"2021-05-31","2021May","176344"
"2021-06-30","2021Jun","181049"
"2021-07-31","2021Jul","181171"
"2021-08-31","2021Aug","182791"
"2021-09-30","2021Sep","183435"
"2021-10-31","2021Oct","182121"
"2021-11-30","2021Nov","186515"
"2021-12-31","2021Dec","187882"
"2022-01-31","2022Jan","184272"
"2022-02-28","2022Feb","184499"
"2022-03-31","2022Mar","187220"
"2022-04-30","2022Apr","186926"
"2022-05-31","2022May","190809"
"2022-06-30","2022Jun","192886"
"2022-07-31","2022Jul","190615"
"2022-08-31","2022Aug","192621"
"2022-09-30","2022Sep","193582"
"2022-10-31","2022Oct","193459"
"2022-11-30","2022Nov","195667"
"2022-12-31","2022Dec","195927"
"2023-01-31","2023Jan","194121"
"2023-02-28","2023Feb","191764"
"2023-03-31","2023Mar","192745"
"2023-04-30","2023Apr","190194"
"2023-05-31","2023May","193357"
"2023-06-30","2023Jun","194017"
"2023-07-31","2023Jul","192738"
"2023-08-31","2023Aug","192223"
"2023-09-30","2023Sep","190493"
"2023-10-31","2023Oct","189835"
"2023-11-30","2023Nov","191161"
"2023-12-31","2023Dec","192147"
"2024-01-31","2024Jan","190318"
"2024-02-29","2024Feb","186718"
"2024-03-31","2024Mar","187270"
"2024-04-30","2024Apr","188003"
"2024-05-31","2024May","187938"
"2024-06-30","2024Jun","185780"
"2024-07-31","2024Jul","188514"
"2024-08-31","2024Aug","186504"
"2024-09-30","2024Sep","188810"
"2024-10-31","2024Oct","187959"
"2024-11-30","2024Nov","186569"
"2024-12-31","2024Dec","192233"
"2025-01-31","2025Jan","188258"
