"DATE","TIME PERIOD","Bank business volumes - loans to corporations of over EUR 1M (new business) - euro area (MIR.M.U2.B.A2A.A.B.1.2240.EUR.N)"
"2003-01-31","2003Jan","157600"
"2003-02-28","2003Feb","143971"
"2003-03-31","2003Mar","155076"
"2003-04-30","2003Apr","150062"
"2003-05-31","2003May","140041"
"2003-06-30","2003Jun","176628"
"2003-07-31","2003Jul","160504"
"2003-08-31","2003Aug","119326"
"2003-09-30","2003Sep","142308"
"2003-10-31","2003Oct","150538"
"2003-11-30","2003Nov","143412"
"2003-12-31","2003Dec","185963"
"2004-01-31","2004Jan","144238"
"2004-02-29","2004Feb","121729"
"2004-03-31","2004Mar","159957"
"2004-04-30","2004Apr","140219"
"2004-05-31","2004May","145690"
"2004-06-30","2004Jun","182043"
"2004-07-31","2004Jul","179226"
"2004-08-31","2004Aug","126050"
"2004-09-30","2004Sep","155561"
"2004-10-31","2004Oct","143936"
"2004-11-30","2004Nov","144089"
"2004-12-31","2004Dec","219807"
"2005-01-31","2005Jan","165762"
"2005-02-28","2005Feb","143121"
"2005-03-31","2005Mar","172772"
"2005-04-30","2005Apr","176161"
"2005-05-31","2005May","166824"
"2005-06-30","2005Jun","192410"
"2005-07-31","2005Jul","185069"
"2005-08-31","2005Aug","147484"
"2005-09-30","2005Sep","173083"
"2005-10-31","2005Oct","166062"
"2005-11-30","2005Nov","161543"
"2005-12-31","2005Dec","236552"
"2006-01-31","2006Jan","197663"
"2006-02-28","2006Feb","166982"
"2006-03-31","2006Mar","206170"
"2006-04-30","2006Apr","167720"
"2006-05-31","2006May","182036"
"2006-06-30","2006Jun","229160"
"2006-07-31","2006Jul","208806"
"2006-08-31","2006Aug","155668"
"2006-09-30","2006Sep","200084"
"2006-10-31","2006Oct","199144"
"2006-11-30","2006Nov","195936"
"2006-12-31","2006Dec","266542"
"2007-01-31","2007Jan","215919"
"2007-02-28","2007Feb","179811"
"2007-03-31","2007Mar","231396"
"2007-04-30","2007Apr","192721"
"2007-05-31","2007May","206681"
"2007-06-30","2007Jun","259074"
"2007-07-31","2007Jul","263486"
"2007-08-31","2007Aug","189089"
"2007-09-30","2007Sep","220882"
"2007-10-31","2007Oct","240087"
"2007-11-30","2007Nov","208704"
"2007-12-31","2007Dec","302868"
"2008-01-31","2008Jan","242990"
"2008-02-29","2008Feb","221261"
"2008-03-31","2008Mar","249866"
"2008-04-30","2008Apr","258836"
"2008-05-31","2008May","246138"
"2008-06-30","2008Jun","305225"
"2008-07-31","2008Jul","326728"
"2008-08-31","2008Aug","246069"
"2008-09-30","2008Sep","281884"
"2008-10-31","2008Oct","309941"
"2008-11-30","2008Nov","239179"
"2008-12-31","2008Dec","316683"
"2009-01-31","2009Jan","273802"
"2009-02-28","2009Feb","234936"
"2009-03-31","2009Mar","268625"
"2009-04-30","2009Apr","260646"
"2009-05-31","2009May","231738"
"2009-06-30","2009Jun","274362"
"2009-07-31","2009Jul","273524"
"2009-08-31","2009Aug","191960"
"2009-09-30","2009Sep","217281"
"2009-10-31","2009Oct","220614"
"2009-11-30","2009Nov","192824"
"2009-12-31","2009Dec","274816"
"2010-01-31","2010Jan","195910"
"2010-02-28","2010Feb","183325"
"2010-03-31","2010Mar","224450"
"2010-04-30","2010Apr","203009"
"2010-05-31","2010May","193397"
"2010-06-30","2010Jun","207042"
"2010-07-31","2010Jul","201011"
"2010-08-31","2010Aug","149679"
"2010-09-30","2010Sep","177607"
"2010-10-31","2010Oct","177802"
"2010-11-30","2010Nov","163678"
"2010-12-31","2010Dec","223874"
"2011-01-31","2011Jan","173722"
"2011-02-28","2011Feb","151522"
"2011-03-31","2011Mar","185769"
"2011-04-30","2011Apr","174934"
"2011-05-31","2011May","164748"
"2011-06-30","2011Jun","199413"
"2011-07-31","2011Jul","198961"
"2011-08-31","2011Aug","148412"
"2011-09-30","2011Sep","183509"
"2011-10-31","2011Oct","179579"
"2011-11-30","2011Nov","160987"
"2011-12-31","2011Dec","214443"
"2012-01-31","2012Jan","169869"
"2012-02-29","2012Feb","154752"
"2012-03-31","2012Mar","176985"
"2012-04-30","2012Apr","168432"
"2012-05-31","2012May","167943"
"2012-06-30","2012Jun","193757"
"2012-07-31","2012Jul","192999"
"2012-08-31","2012Aug","146680"
"2012-09-30","2012Sep","161310"
"2012-10-31","2012Oct","174383"
"2012-11-30","2012Nov","149649"
"2012-12-31","2012Dec","189872"
"2013-01-31","2013Jan","164934"
"2013-02-28","2013Feb","137989"
"2013-03-31","2013Mar","157747"
"2013-04-30","2013Apr","152138"
"2013-05-31","2013May","137129"
"2013-06-30","2013Jun","172979"
"2013-07-31","2013Jul","170536"
"2013-08-31","2013Aug","122370"
"2013-09-30","2013Sep","145753"
"2013-10-31","2013Oct","152248"
"2013-11-30","2013Nov","132144"
"2013-12-31","2013Dec","183404"
"2014-01-31","2014Jan","143902"
"2014-02-28","2014Feb","117000"
"2014-03-31","2014Mar","135356"
"2014-04-30","2014Apr","144278"
"2014-05-31","2014May","121512"
"2014-06-30","2014Jun","155594"
"2014-07-31","2014Jul","157378"
"2014-08-31","2014Aug","108836"
"2014-09-30","2014Sep","136752"
"2014-10-31","2014Oct","147827"
"2014-11-30","2014Nov","125338"
"2014-12-31","2014Dec","196518"
"2015-01-31","2015Jan","155607"
"2015-02-28","2015Feb","127699"
"2015-03-31","2015Mar","165421"
"2015-04-30","2015Apr","148766"
"2015-05-31","2015May","135955"
"2015-06-30","2015Jun","181811"
"2015-07-31","2015Jul","185156"
"2015-08-31","2015Aug","117644"
"2015-09-30","2015Sep","150135"
"2015-10-31","2015Oct","144709"
"2015-11-30","2015Nov","130212"
"2015-12-31","2015Dec","186699"
"2016-01-31","2016Jan","137146"
"2016-02-29","2016Feb","130822"
"2016-03-31","2016Mar","143787"
"2016-04-30","2016Apr","132860"
"2016-05-31","2016May","127961"
"2016-06-30","2016Jun","165504"
"2016-07-31","2016Jul","153478"
"2016-08-31","2016Aug","114140"
"2016-09-30","2016Sep","143180"
"2016-10-31","2016Oct","135749"
"2016-11-30","2016Nov","133209"
"2016-12-31","2016Dec","192278"
"2017-01-31","2017Jan","148783"
"2017-02-28","2017Feb","125803"
"2017-03-31","2017Mar","160544"
"2017-04-30","2017Apr","134871"
"2017-05-31","2017May","140280"
"2017-06-30","2017Jun","174376"
"2017-07-31","2017Jul","163420"
"2017-08-31","2017Aug","125095"
"2017-09-30","2017Sep","148312"
"2017-10-31","2017Oct","150375"
"2017-11-30","2017Nov","138270"
"2017-12-31","2017Dec","191520"
"2018-01-31","2018Jan","157879"
"2018-02-28","2018Feb","122659"
"2018-03-31","2018Mar","159851"
"2018-04-30","2018Apr","146857"
"2018-05-31","2018May","154380"
"2018-06-30","2018Jun","192559"
"2018-07-31","2018Jul","182545"
"2018-08-31","2018Aug","133000"
"2018-09-30","2018Sep","161330"
"2018-10-31","2018Oct","168212"
"2018-11-30","2018Nov","155481"
"2018-12-31","2018Dec","213269"
"2019-01-31","2019Jan","160897"
"2019-02-28","2019Feb","138951"
"2019-03-31","2019Mar","168882"
"2019-04-30","2019Apr","171648"
"2019-05-31","2019May","162015"
"2019-06-30","2019Jun","190176"
"2019-07-31","2019Jul","197436"
"2019-08-31","2019Aug","140489"
"2019-09-30","2019Sep","166897"
"2019-10-31","2019Oct","174009"
"2019-11-30","2019Nov","154255"
"2019-12-31","2019Dec","226429"
"2020-01-31","2020Jan","161119"
"2020-02-29","2020Feb","134629"
"2020-03-31","2020Mar","217120"
"2020-04-30","2020Apr","203559"
"2020-05-31","2020May","166583"
"2020-06-30","2020Jun","196580"
"2020-07-31","2020Jul","178571"
"2020-08-31","2020Aug","121598"
"2020-09-30","2020Sep","152336"
"2020-10-31","2020Oct","145340"
"2020-11-30","2020Nov","131335"
"2020-12-31","2020Dec","204346"
"2021-01-31","2021Jan","128308"
"2021-02-28","2021Feb","120171"
"2021-03-31","2021Mar","195507"
"2021-04-30","2021Apr","132352"
"2021-05-31","2021May","127395"
"2021-06-30","2021Jun","179335"
"2021-07-31","2021Jul","166465"
"2021-08-31","2021Aug","108925"
"2021-09-30","2021Sep","144200"
"2021-10-31","2021Oct","150018"
"2021-11-30","2021Nov","155373"
"2021-12-31","2021Dec","254600"
"2022-01-31","2022Jan","147620"
"2022-02-28","2022Feb","149763"
"2022-03-31","2022Mar","205582"
"2022-04-30","2022Apr","172177"
"2022-05-31","2022May","166472"
"2022-06-30","2022Jun","237206"
"2022-07-31","2022Jul","198820"
"2022-08-31","2022Aug","169302"
"2022-09-30","2022Sep","199381"
"2022-10-31","2022Oct","186506"
"2022-11-30","2022Nov","165789"
"2022-12-31","2022Dec","223965"
"2023-01-31","2023Jan","164056"
"2023-02-28","2023Feb","160204"
"2023-03-31","2023Mar","196254"
"2023-04-30","2023Apr","156951"
"2023-05-31","2023May","157937"
"2023-06-30","2023Jun","200019"
"2023-07-31","2023Jul","183979"
"2023-08-31","2023Aug","132734"
"2023-09-30","2023Sep","170205"
"2023-10-31","2023Oct","161277"
"2023-11-30","2023Nov","158487"
"2023-12-31","2023Dec","224466"
"2024-01-31","2024Jan","155601"
"2024-02-29","2024Feb","144752"
"2024-03-31","2024Mar","186124"
"2024-04-30","2024Apr","168965"
"2024-05-31","2024May","164943"
"2024-06-30","2024Jun","215309"
"2024-07-31","2024Jul","195171"
"2024-08-31","2024Aug","138078"
"2024-09-30","2024Sep","193716"
"2024-10-31","2024Oct","184365"
"2024-11-30","2024Nov","162534"
"2024-12-31","2024Dec","251073"
"2025-01-31","2025Jan","170422"
