"DATE","TIME PERIOD","Bank business volumes - loans to households for house purchase with an IRF period of over one & up to five years (new business) - euro area (MIR.M.U2.B.A2C.I.B.A.2250.EUR.N)"
"2003-01-31","2003Jan","6743"
"2003-02-28","2003Feb","6143"
"2003-03-31","2003Mar","7128"
"2003-04-30","2003Apr","8251"
"2003-05-31","2003May","8211"
"2003-06-30","2003Jun","8344"
"2003-07-31","2003Jul","10358"
"2003-08-31","2003Aug","7594"
"2003-09-30","2003Sep","8508"
"2003-10-31","2003Oct","9376"
"2003-11-30","2003Nov","8385"
"2003-12-31","2003Dec","9632"
"2004-01-31","2004Jan","6953"
"2004-02-29","2004Feb","6296"
"2004-03-31","2004Mar","7765"
"2004-04-30","2004Apr","7221"
"2004-05-31","2004May","6863"
"2004-06-30","2004Jun","7892"
"2004-07-31","2004Jul","8146"
"2004-08-31","2004Aug","6045"
"2004-09-30","2004Sep","6535"
"2004-10-31","2004Oct","6505"
"2004-11-30","2004Nov","6393"
"2004-12-31","2004Dec","7742"
"2005-01-31","2005Jan","5739"
"2005-02-28","2005Feb","5513"
"2005-03-31","2005Mar","6192"
"2005-04-30","2005Apr","6415"
"2005-05-31","2005May","6432"
"2005-06-30","2005Jun","7153"
"2005-07-31","2005Jul","7211"
"2005-08-31","2005Aug","6455"
"2005-09-30","2005Sep","6538"
"2005-10-31","2005Oct","6739"
"2005-11-30","2005Nov","7632"
"2005-12-31","2005Dec","8674"
"2006-01-31","2006Jan","6871"
"2006-02-28","2006Feb","6286"
"2006-03-31","2006Mar","7956"
"2006-04-30","2006Apr","7445"
"2006-05-31","2006May","7431"
"2006-06-30","2006Jun","8099"
"2006-07-31","2006Jul","8214"
"2006-08-31","2006Aug","7217"
"2006-09-30","2006Sep","7543"
"2006-10-31","2006Oct","7675"
"2006-11-30","2006Nov","7813"
"2006-12-31","2006Dec","8241"
"2007-01-31","2007Jan","7748"
"2007-02-28","2007Feb","6311"
"2007-03-31","2007Mar","8635"
"2007-04-30","2007Apr","7488"
"2007-05-31","2007May","7591"
"2007-06-30","2007Jun","9402"
"2007-07-31","2007Jul","9669"
"2007-08-31","2007Aug","7894"
"2007-09-30","2007Sep","6687"
"2007-10-31","2007Oct","7478"
"2007-11-30","2007Nov","6996"
"2007-12-31","2007Dec","6568"
"2008-01-31","2008Jan","6664"
"2008-02-29","2008Feb","5999"
"2008-03-31","2008Mar","6248"
"2008-04-30","2008Apr","8164"
"2008-05-31","2008May","7860"
"2008-06-30","2008Jun","7769"
"2008-07-31","2008Jul","8869"
"2008-08-31","2008Aug","6055"
"2008-09-30","2008Sep","5733"
"2008-10-31","2008Oct","6214"
"2008-11-30","2008Nov","5405"
"2008-12-31","2008Dec","6229"
"2009-01-31","2009Jan","5856"
"2009-02-28","2009Feb","5653"
"2009-03-31","2009Mar","6905"
"2009-04-30","2009Apr","7046"
"2009-05-31","2009May","6424"
"2009-06-30","2009Jun","7457"
"2009-07-31","2009Jul","8009"
"2009-08-31","2009Aug","6056"
"2009-09-30","2009Sep","6091"
"2009-10-31","2009Oct","6246"
"2009-11-30","2009Nov","5896"
"2009-12-31","2009Dec","6946"
"2010-01-31","2010Jan","5455"
"2010-02-28","2010Feb","5588"
"2010-03-31","2010Mar","7064"
"2010-04-30","2010Apr","7312"
"2010-05-31","2010May","6474"
"2010-06-30","2010Jun","7227"
"2010-07-31","2010Jul","7519"
"2010-08-31","2010Aug","6329"
"2010-09-30","2010Sep","6560"
"2010-10-31","2010Oct","6531"
"2010-11-30","2010Nov","6740"
"2010-12-31","2010Dec","8516"
"2011-01-31","2011Jan","6946"
"2011-02-28","2011Feb","7544"
"2011-03-31","2011Mar","8403"
"2011-04-30","2011Apr","7778"
"2011-05-31","2011May","7739"
"2011-06-30","2011Jun","7164"
"2011-07-31","2011Jul","7115"
"2011-08-31","2011Aug","6495"
"2011-09-30","2011Sep","6159"
"2011-10-31","2011Oct","6176"
"2011-11-30","2011Nov","6182"
"2011-12-31","2011Dec","6977"
"2012-01-31","2012Jan","5935"
"2012-02-29","2012Feb","5245"
"2012-03-31","2012Mar","6243"
"2012-04-30","2012Apr","6008"
"2012-05-31","2012May","5984"
"2012-06-30","2012Jun","6513"
"2012-07-31","2012Jul","6676"
"2012-08-31","2012Aug","5635"
"2012-09-30","2012Sep","5465"
"2012-10-31","2012Oct","6338"
"2012-11-30","2012Nov","6304"
"2012-12-31","2012Dec","6971"
"2013-01-31","2013Jan","5901"
"2013-02-28","2013Feb","5281"
"2013-03-31","2013Mar","6091"
"2013-04-30","2013Apr","6818"
"2013-05-31","2013May","6333"
"2013-06-30","2013Jun","6347"
"2013-07-31","2013Jul","7102"
"2013-08-31","2013Aug","5911"
"2013-09-30","2013Sep","5882"
"2013-10-31","2013Oct","6534"
"2013-11-30","2013Nov","5868"
"2013-12-31","2013Dec","6653"
"2014-01-31","2014Jan","6204"
"2014-02-28","2014Feb","5728"
"2014-03-31","2014Mar","6455"
"2014-04-30","2014Apr","6993"
"2014-05-31","2014May","6526"
"2014-06-30","2014Jun","6873"
"2014-07-31","2014Jul","7599"
"2014-08-31","2014Aug","6011"
"2014-09-30","2014Sep","6326"
"2014-10-31","2014Oct","6963"
"2014-11-30","2014Nov","6696"
"2014-12-31","2014Dec","8271"
"2015-01-31","2015Jan","6579"
"2015-02-28","2015Feb","5797"
"2015-03-31","2015Mar","7621"
"2015-04-30","2015Apr","6611"
"2015-05-31","2015May","6255"
"2015-06-30","2015Jun","7041"
"2015-07-31","2015Jul","7619"
"2015-08-31","2015Aug","6042"
"2015-09-30","2015Sep","6201"
"2015-10-31","2015Oct","6568"
"2015-11-30","2015Nov","6257"
"2015-12-31","2015Dec","6857"
"2016-01-31","2016Jan","5822"
"2016-02-29","2016Feb","5984"
"2016-03-31","2016Mar","6761"
"2016-04-30","2016Apr","6592"
"2016-05-31","2016May","6763"
"2016-06-30","2016Jun","7209"
"2016-07-31","2016Jul","6784"
"2016-08-31","2016Aug","6026"
"2016-09-30","2016Sep","6229"
"2016-10-31","2016Oct","6037"
"2016-11-30","2016Nov","6096"
"2016-12-31","2016Dec","7071"
"2017-01-31","2017Jan","5979"
"2017-02-28","2017Feb","5718"
"2017-03-31","2017Mar","6836"
"2017-04-30","2017Apr","5939"
"2017-05-31","2017May","6305"
"2017-06-30","2017Jun","6489"
"2017-07-31","2017Jul","6597"
"2017-08-31","2017Aug","6013"
"2017-09-30","2017Sep","5862"
"2017-10-31","2017Oct","6110"
"2017-11-30","2017Nov","6340"
"2017-12-31","2017Dec","6827"
"2018-01-31","2018Jan","6390"
"2018-02-28","2018Feb","6120"
"2018-03-31","2018Mar","6865"
"2018-04-30","2018Apr","6906"
"2018-05-31","2018May","6870"
"2018-06-30","2018Jun","7953"
"2018-07-31","2018Jul","8080"
"2018-08-31","2018Aug","6802"
"2018-09-30","2018Sep","6609"
"2018-10-31","2018Oct","7516"
"2018-11-30","2018Nov","6998"
"2018-12-31","2018Dec","6764"
"2019-01-31","2019Jan","6450"
"2019-02-28","2019Feb","6357"
"2019-03-31","2019Mar","6882"
"2019-04-30","2019Apr","7155"
"2019-05-31","2019May","7369"
"2019-06-30","2019Jun","6641"
"2019-07-31","2019Jul","7735"
"2019-08-31","2019Aug","6233"
"2019-09-30","2019Sep","6490"
"2019-10-31","2019Oct","7179"
"2019-11-30","2019Nov","6897"
"2019-12-31","2019Dec","7278"
"2020-01-31","2020Jan","6365"
"2020-02-29","2020Feb","5995"
"2020-03-31","2020Mar","6338"
"2020-04-30","2020Apr","5667"
"2020-05-31","2020May","5729"
"2020-06-30","2020Jun","6260"
"2020-07-31","2020Jul","6434"
"2020-08-31","2020Aug","5383"
"2020-09-30","2020Sep","6274"
"2020-10-31","2020Oct","6659"
"2020-11-30","2020Nov","6682"
"2020-12-31","2020Dec","7330"
"2021-01-31","2021Jan","5753"
"2021-02-28","2021Feb","6294"
"2021-03-31","2021Mar","7639"
"2021-04-30","2021Apr","7085"
"2021-05-31","2021May","6792"
"2021-06-30","2021Jun","7535"
"2021-07-31","2021Jul","7475"
"2021-08-31","2021Aug","6267"
"2021-09-30","2021Sep","6652"
"2021-10-31","2021Oct","7025"
"2021-11-30","2021Nov","6809"
"2021-12-31","2021Dec","7437"
"2022-01-31","2022Jan","6539"
"2022-02-28","2022Feb","7055"
"2022-03-31","2022Mar","8292"
"2022-04-30","2022Apr","7161"
"2022-05-31","2022May","7520"
"2022-06-30","2022Jun","7486"
"2022-07-31","2022Jul","7111"
"2022-08-31","2022Aug","6233"
"2022-09-30","2022Sep","6330"
"2022-10-31","2022Oct","6624"
"2022-11-30","2022Nov","6385"
"2022-12-31","2022Dec","6397"
"2023-01-31","2023Jan","5409"
"2023-02-28","2023Feb","5760"
"2023-03-31","2023Mar","6567"
"2023-04-30","2023Apr","5878"
"2023-05-31","2023May","6250"
"2023-06-30","2023Jun","6826"
"2023-07-31","2023Jul","7042"
"2023-08-31","2023Aug","6557"
"2023-09-30","2023Sep","6634"
"2023-10-31","2023Oct","7445"
"2023-11-30","2023Nov","7520"
"2023-12-31","2023Dec","7828"
"2024-01-31","2024Jan","7207"
"2024-02-29","2024Feb","7476"
"2024-03-31","2024Mar","7944"
"2024-04-30","2024Apr","8570"
"2024-05-31","2024May","8193"
"2024-06-30","2024Jun","8066"
"2024-07-31","2024Jul","9362"
"2024-08-31","2024Aug","8052"
"2024-09-30","2024Sep","8509"
"2024-10-31","2024Oct","9634"
"2024-11-30","2024Nov","9125"
"2024-12-31","2024Dec","10283"
"2025-01-31","2025Jan","9164"
