"DATE","TIME PERIOD","Bank business volumes - loans to corporations of over EUR .25M & up to EUR 1M (new business) - euro area (MIR.M.U2.B.A2A.A.B.3.2240.EUR.N)"
"2003-01-31","2003Jan"
"2003-02-28","2003Feb"
"2003-03-31","2003Mar"
"2003-04-30","2003Apr"
"2003-05-31","2003May"
"2003-06-30","2003Jun"
"2003-07-31","2003Jul"
"2003-08-31","2003Aug"
"2003-09-30","2003Sep"
"2003-10-31","2003Oct"
"2003-11-30","2003Nov"
"2003-12-31","2003Dec"
"2004-01-31","2004Jan"
"2004-02-29","2004Feb"
"2004-03-31","2004Mar"
"2004-04-30","2004Apr"
"2004-05-31","2004May"
"2004-06-30","2004Jun"
"2004-07-31","2004Jul"
"2004-08-31","2004Aug"
"2004-09-30","2004Sep"
"2004-10-31","2004Oct"
"2004-11-30","2004Nov"
"2004-12-31","2004Dec"
"2005-01-31","2005Jan"
"2005-02-28","2005Feb"
"2005-03-31","2005Mar"
"2005-04-30","2005Apr"
"2005-05-31","2005May"
"2005-06-30","2005Jun"
"2005-07-31","2005Jul"
"2005-08-31","2005Aug"
"2005-09-30","2005Sep"
"2005-10-31","2005Oct"
"2005-11-30","2005Nov"
"2005-12-31","2005Dec"
"2006-01-31","2006Jan"
"2006-02-28","2006Feb"
"2006-03-31","2006Mar"
"2006-04-30","2006Apr"
"2006-05-31","2006May"
"2006-06-30","2006Jun"
"2006-07-31","2006Jul"
"2006-08-31","2006Aug"
"2006-09-30","2006Sep"
"2006-10-31","2006Oct"
"2006-11-30","2006Nov"
"2006-12-31","2006Dec"
"2007-01-31","2007Jan"
"2007-02-28","2007Feb"
"2007-03-31","2007Mar"
"2007-04-30","2007Apr"
"2007-05-31","2007May"
"2007-06-30","2007Jun"
"2007-07-31","2007Jul"
"2007-08-31","2007Aug"
"2007-09-30","2007Sep"
"2007-10-31","2007Oct"
"2007-11-30","2007Nov"
"2007-12-31","2007Dec"
"2008-01-31","2008Jan"
"2008-02-29","2008Feb"
"2008-03-31","2008Mar"
"2008-04-30","2008Apr"
"2008-05-31","2008May"
"2008-06-30","2008Jun"
"2008-07-31","2008Jul"
"2008-08-31","2008Aug"
"2008-09-30","2008Sep"
"2008-10-31","2008Oct"
"2008-11-30","2008Nov"
"2008-12-31","2008Dec"
"2009-01-31","2009Jan"
"2009-02-28","2009Feb"
"2009-03-31","2009Mar"
"2009-04-30","2009Apr"
"2009-05-31","2009May"
"2009-06-30","2009Jun"
"2009-07-31","2009Jul"
"2009-08-31","2009Aug"
"2009-09-30","2009Sep"
"2009-10-31","2009Oct"
"2009-11-30","2009Nov"
"2009-12-31","2009Dec"
"2010-01-31","2010Jan"
"2010-02-28","2010Feb"
"2010-03-31","2010Mar"
"2010-04-30","2010Apr"
"2010-05-31","2010May"
"2010-06-30","2010Jun","30161"
"2010-07-31","2010Jul","30426"
"2010-08-31","2010Aug","22754"
"2010-09-30","2010Sep","27929"
"2010-10-31","2010Oct","27942"
"2010-11-30","2010Nov","26397"
"2010-12-31","2010Dec","32738"
"2011-01-31","2011Jan","28183"
"2011-02-28","2011Feb","25491"
"2011-03-31","2011Mar","29999"
"2011-04-30","2011Apr","27444"
"2011-05-31","2011May","27523"
"2011-06-30","2011Jun","29318"
"2011-07-31","2011Jul","29470"
"2011-08-31","2011Aug","22782"
"2011-09-30","2011Sep","27443"
"2011-10-31","2011Oct","27065"
"2011-11-30","2011Nov","25648"
"2011-12-31","2011Dec","30231"
"2012-01-31","2012Jan","28044"
"2012-02-29","2012Feb","24898"
"2012-03-31","2012Mar","28323"
"2012-04-30","2012Apr","27583"
"2012-05-31","2012May","26488"
"2012-06-30","2012Jun","28273"
"2012-07-31","2012Jul","29463"
"2012-08-31","2012Aug","23407"
"2012-09-30","2012Sep","25835"
"2012-10-31","2012Oct","28593"
"2012-11-30","2012Nov","24845"
"2012-12-31","2012Dec","28464"
"2013-01-31","2013Jan","27169"
"2013-02-28","2013Feb","23140"
"2013-03-31","2013Mar","26720"
"2013-04-30","2013Apr","27126"
"2013-05-31","2013May","25248"
"2013-06-30","2013Jun","26742"
"2013-07-31","2013Jul","28809"
"2013-08-31","2013Aug","21618"
"2013-09-30","2013Sep","24682"
"2013-10-31","2013Oct","26940"
"2013-11-30","2013Nov","23240"
"2013-12-31","2013Dec","28659"
"2014-01-31","2014Jan","25393"
"2014-02-28","2014Feb","22475"
"2014-03-31","2014Mar","25450"
"2014-04-30","2014Apr","25621"
"2014-05-31","2014May","22973"
"2014-06-30","2014Jun","25946"
"2014-07-31","2014Jul","28330"
"2014-08-31","2014Aug","19987"
"2014-09-30","2014Sep","26050"
"2014-10-31","2014Oct","27376"
"2014-11-30","2014Nov","23654"
"2014-12-31","2014Dec","29052"
"2015-01-31","2015Jan","26593"
"2015-02-28","2015Feb","23209"
"2015-03-31","2015Mar","28160"
"2015-04-30","2015Apr","26901"
"2015-05-31","2015May","23974"
"2015-06-30","2015Jun","29026"
"2015-07-31","2015Jul","30310"
"2015-08-31","2015Aug","20132"
"2015-09-30","2015Sep","26018"
"2015-10-31","2015Oct","26440"
"2015-11-30","2015Nov","24842"
"2015-12-31","2015Dec","29794"
"2016-01-31","2016Jan","24429"
"2016-02-29","2016Feb","24215"
"2016-03-31","2016Mar","27647"
"2016-04-30","2016Apr","26352"
"2016-05-31","2016May","25436"
"2016-06-30","2016Jun","29361"
"2016-07-31","2016Jul","27703"
"2016-08-31","2016Aug","21757"
"2016-09-30","2016Sep","26608"
"2016-10-31","2016Oct","26151"
"2016-11-30","2016Nov","26088"
"2016-12-31","2016Dec","30574"
"2017-01-31","2017Jan","27077"
"2017-02-28","2017Feb","24792"
"2017-03-31","2017Mar","30126"
"2017-04-30","2017Apr","25578"
"2017-05-31","2017May","27079"
"2017-06-30","2017Jun","30326"
"2017-07-31","2017Jul","28784"
"2017-08-31","2017Aug","21865"
"2017-09-30","2017Sep","26218"
"2017-10-31","2017Oct","27521"
"2017-11-30","2017Nov","26909"
"2017-12-31","2017Dec","30303"
"2018-01-31","2018Jan","27224"
"2018-02-28","2018Feb","23608"
"2018-03-31","2018Mar","28464"
"2018-04-30","2018Apr","26861"
"2018-05-31","2018May","26533"
"2018-06-30","2018Jun","29818"
"2018-07-31","2018Jul","30072"
"2018-08-31","2018Aug","21602"
"2018-09-30","2018Sep","25557"
"2018-10-31","2018Oct","29033"
"2018-11-30","2018Nov","26767"
"2018-12-31","2018Dec","30123"
"2019-01-31","2019Jan","27887"
"2019-02-28","2019Feb","24897"
"2019-03-31","2019Mar","28385"
"2019-04-30","2019Apr","27602"
"2019-05-31","2019May","26725"
"2019-06-30","2019Jun","28050"
"2019-07-31","2019Jul","31546"
"2019-08-31","2019Aug","21242"
"2019-09-30","2019Sep","26530"
"2019-10-31","2019Oct","28680"
"2019-11-30","2019Nov","25688"
"2019-12-31","2019Dec","30675"
"2020-01-31","2020Jan","26427"
"2020-02-29","2020Feb","23472"
"2020-03-31","2020Mar","30417"
"2020-04-30","2020Apr","48939"
"2020-05-31","2020May","41657"
"2020-06-30","2020Jun","38189"
"2020-07-31","2020Jul","35220"
"2020-08-31","2020Aug","21437"
"2020-09-30","2020Sep","28028"
"2020-10-31","2020Oct","26673"
"2020-11-30","2020Nov","25009"
"2020-12-31","2020Dec","30357"
"2021-01-31","2021Jan","23202"
"2021-02-28","2021Feb","22183"
"2021-03-31","2021Mar","27977"
"2021-04-30","2021Apr","24462"
"2021-05-31","2021May","23274"
"2021-06-30","2021Jun","27822"
"2021-07-31","2021Jul","25067"
"2021-08-31","2021Aug","17521"
"2021-09-30","2021Sep","22494"
"2021-10-31","2021Oct","23215"
"2021-11-30","2021Nov","23197"
"2021-12-31","2021Dec","28748"
"2022-01-31","2022Jan","23125"
"2022-02-28","2022Feb","22426"
"2022-03-31","2022Mar","28764"
"2022-04-30","2022Apr","25566"
"2022-05-31","2022May","25982"
"2022-06-30","2022Jun","29193"
"2022-07-31","2022Jul","26452"
"2022-08-31","2022Aug","20168"
"2022-09-30","2022Sep","24888"
"2022-10-31","2022Oct","24791"
"2022-11-30","2022Nov","24306"
"2022-12-31","2022Dec","28768"
"2023-01-31","2023Jan","23965"
"2023-02-28","2023Feb","21449"
"2023-03-31","2023Mar","26973"
"2023-04-30","2023Apr","22335"
"2023-05-31","2023May","23705"
"2023-06-30","2023Jun","26590"
"2023-07-31","2023Jul","25009"
"2023-08-31","2023Aug","19319"
"2023-09-30","2023Sep","22994"
"2023-10-31","2023Oct","24239"
"2023-11-30","2023Nov","23015"
"2023-12-31","2023Dec","26850"
"2024-01-31","2024Jan","23014"
"2024-02-29","2024Feb","21571"
"2024-03-31","2024Mar","24539"
"2024-04-30","2024Apr","24578"
"2024-05-31","2024May","23485"
"2024-06-30","2024Jun","25391"
"2024-07-31","2024Jul","28093"
"2024-08-31","2024Aug","18957"
"2024-09-30","2024Sep","24521"
"2024-10-31","2024Oct","26428"
"2024-11-30","2024Nov","23662"
"2024-12-31","2024Dec","29888"
"2025-01-31","2025Jan","25358"
